run_id, epoch_idx, optimizer_name, batch_size, lr, ta, tl, va, vl
mlp_1x512_bs32_adam_lr0_01,1,adam,32,0.01,0.4086,1.8752,0.6327,1.1357
mlp_1x512_bs32_adam_lr0_01,2,adam,32,0.01,0.5158,1.481,0.6553,1.0214
mlp_1x512_bs32_adam_lr0_01,3,adam,32,0.01,0.5342,1.4148,0.6833,1.0169
mlp_1x512_bs32_adam_lr0_01,4,adam,32,0.01,0.5281,1.4178,0.682,0.9841
mlp_1x512_bs32_adam_lr0_01,5,adam,32,0.01,0.5301,1.4097,0.7067,0.9295
mlp_1x512_bs32_adam_lr0_01,6,adam,32,0.01,0.5273,1.4243,0.6667,0.9879
mlp_1x512_bs32_adam_lr0_01,7,adam,32,0.01,0.5307,1.4111,0.686,0.9957
mlp_1x512_bs32_adam_lr0_01,8,adam,32,0.01,0.5248,1.4217,0.666,0.9866
mlp_1x512_bs32_adam_lr0_01,9,adam,32,0.01,0.5288,1.4272,0.692,0.9566
mlp_1x512_bs32_adam_lr0_01,10,adam,32,0.01,0.5251,1.4339,0.6873,0.9372
mlp_1x512_bs32_sgd_lr0_01,1,sgd,32,0.01,0.3879,1.9181,0.6207,1.1807
mlp_1x512_bs32_sgd_lr0_01,2,sgd,32,0.01,0.5154,1.4783,0.71,0.9221
mlp_1x512_bs32_sgd_lr0_01,3,sgd,32,0.01,0.5766,1.2934,0.764,0.7488
mlp_1x512_bs32_sgd_lr0_01,4,sgd,32,0.01,0.6132,1.1643,0.7833,0.7054
mlp_1x512_bs32_sgd_lr0_01,5,sgd,32,0.01,0.6422,1.0809,0.8007,0.6345
mlp_1x512_bs32_sgd_lr0_01,6,sgd,32,0.01,0.6578,1.0316,0.8153,0.6058
mlp_1x512_bs32_sgd_lr0_01,7,sgd,32,0.01,0.6723,0.9754,0.8313,0.5623
mlp_1x512_bs32_sgd_lr0_01,8,sgd,32,0.01,0.6843,0.9362,0.83,0.5541
mlp_1x512_bs32_sgd_lr0_01,9,sgd,32,0.01,0.6976,0.9038,0.8393,0.5241
mlp_1x512_bs32_sgd_lr0_01,10,sgd,32,0.01,0.7068,0.8823,0.842,0.5047
mlp_1x512_bs32_sgd_lr0_01,11,sgd,32,0.01,0.7112,0.8559,0.858,0.4723
mlp_1x512_bs32_sgd_lr0_01,12,sgd,32,0.01,0.7191,0.8345,0.852,0.4866
mlp_1x512_bs32_sgd_lr0_01,13,sgd,32,0.01,0.7301,0.8097,0.8613,0.4655
mlp_1x512_bs32_sgd_lr0_01,14,sgd,32,0.01,0.7289,0.8064,0.868,0.4579
mlp_1x512_bs32_sgd_lr0_01,15,sgd,32,0.01,0.7397,0.7822,0.8707,0.4301
mlp_1x512_bs32_sgd_lr0_01,16,sgd,32,0.01,0.7448,0.7646,0.864,0.4294
mlp_1x512_bs32_sgd_lr0_01,17,sgd,32,0.01,0.7424,0.7619,0.8773,0.4212
mlp_1x512_bs32_sgd_lr0_01,18,sgd,32,0.01,0.7534,0.7467,0.8687,0.426
mlp_1x512_bs32_sgd_lr0_01,19,sgd,32,0.01,0.7478,0.754,0.8787,0.4237
mlp_1x512_bs32_sgd_lr0_01,20,sgd,32,0.01,0.755,0.7376,0.882,0.4021
mlp_1x512_bs32_sgd_lr0_01,21,sgd,32,0.01,0.7582,0.7228,0.872,0.4078
mlp_1x512_bs32_sgd_lr0_01,22,sgd,32,0.01,0.7653,0.7204,0.8933,0.3821
mlp_1x512_bs32_sgd_lr0_01,23,sgd,32,0.01,0.7553,0.7267,0.8767,0.4093
mlp_1x512_bs32_sgd_lr0_01,24,sgd,32,0.01,0.7629,0.7084,0.8887,0.3782
mlp_1x512_bs32_sgd_lr0_01,25,sgd,32,0.01,0.7645,0.7123,0.896,0.3758
mlp_1x512_bs32_sgd_lr0_01,26,sgd,32,0.01,0.7667,0.6991,0.9027,0.3666
mlp_1x512_bs32_sgd_lr0_01,27,sgd,32,0.01,0.7648,0.6963,0.8947,0.3725
mlp_1x512_bs32_sgd_lr0_01,28,sgd,32,0.01,0.7743,0.6906,0.894,0.3597
mlp_1x512_bs32_sgd_lr0_01,29,sgd,32,0.01,0.7728,0.683,0.898,0.3512
mlp_1x512_bs32_sgd_lr0_01,30,sgd,32,0.01,0.7672,0.6907,0.8873,0.3724
mlp_1x512_bs32_sgd_lr0_01,31,sgd,32,0.01,0.775,0.687,0.892,0.3662
mlp_1x512_bs32_adam_lr0_001,1,adam,32,0.001,0.4166,1.8428,0.6233,1.2595
mlp_1x512_bs32_adam_lr0_001,2,adam,32,0.001,0.546,1.4205,0.6987,0.9792
mlp_1x512_bs32_adam_lr0_001,3,adam,32,0.001,0.5902,1.2611,0.7527,0.8366
mlp_1x512_bs32_adam_lr0_001,4,adam,32,0.001,0.6279,1.1438,0.7607,0.7657
mlp_1x512_bs32_adam_lr0_001,5,adam,32,0.001,0.6452,1.0957,0.796,0.7093
mlp_1x512_bs32_adam_lr0_001,6,adam,32,0.001,0.6615,1.035,0.79,0.6828
mlp_1x512_bs32_adam_lr0_001,7,adam,32,0.001,0.6729,0.9928,0.8047,0.6466
mlp_1x512_bs32_adam_lr0_001,8,adam,32,0.001,0.6807,0.9672,0.83,0.599
mlp_1x512_bs32_adam_lr0_001,9,adam,32,0.001,0.6844,0.9441,0.8187,0.5891
mlp_1x512_bs32_adam_lr0_001,10,adam,32,0.001,0.6916,0.9248,0.8313,0.5679
mlp_1x512_bs32_adam_lr0_001,11,adam,32,0.001,0.6956,0.908,0.842,0.5604
mlp_1x512_bs32_adam_lr0_001,12,adam,32,0.001,0.7119,0.8784,0.848,0.5203
mlp_1x512_bs32_adam_lr0_001,13,adam,32,0.001,0.7082,0.8796,0.85,0.5216
mlp_1x512_bs32_adam_lr0_001,14,adam,32,0.001,0.7131,0.8606,0.842,0.5353
mlp_1x512_bs32_adam_lr0_001,15,adam,32,0.001,0.7176,0.8469,0.8487,0.4987
mlp_1x512_bs32_adam_lr0_001,16,adam,32,0.001,0.7249,0.8436,0.848,0.5043
mlp_1x512_bs32_adam_lr0_001,17,adam,32,0.001,0.7302,0.827,0.8547,0.4762
mlp_1x512_bs32_adam_lr0_001,18,adam,32,0.001,0.7327,0.8192,0.862,0.4737
mlp_1x512_bs32_adam_lr0_001,19,adam,32,0.001,0.7288,0.8125,0.874,0.4528
mlp_1x512_bs32_adam_lr0_001,20,adam,32,0.001,0.7356,0.8048,0.8607,0.4641
mlp_1x512_bs32_adam_lr0_001,21,adam,32,0.001,0.736,0.7992,0.8633,0.4613
mlp_1x512_bs32_adam_lr0_001,22,adam,32,0.001,0.734,0.8085,0.8507,0.4732
mlp_1x512_bs32_adam_lr0_001,23,adam,32,0.001,0.7376,0.7985,0.8593,0.4709
mlp_1x512_bs32_adam_lr0_001,24,adam,32,0.001,0.7446,0.7715,0.8653,0.448
mlp_1x512_bs32_adam_lr0_01,1,adam,32,0.01,0.4181,1.8644,0.6267,1.1528
mlp_1x512_bs32_adam_lr0_01,2,adam,32,0.01,0.5133,1.4754,0.662,1.0567
mlp_1x512_bs32_adam_lr0_01,3,adam,32,0.01,0.5197,1.4406,0.6573,1.0233
mlp_1x512_bs32_adam_lr0_01,4,adam,32,0.01,0.5294,1.4206,0.7007,0.9482
mlp_1x512_bs32_adam_lr0_01,5,adam,32,0.01,0.5308,1.411,0.6947,0.9613
mlp_1x512_bs32_adam_lr0_01,6,adam,32,0.01,0.5299,1.4162,0.6893,0.9679
mlp_1x512_bs32_adam_lr0_01,7,adam,32,0.01,0.5321,1.4029,0.6853,0.9789
mlp_1x512_bs32_adam_lr0_01,8,adam,32,0.01,0.5233,1.4211,0.6893,0.9707
mlp_1x512_bs32_adam_lr0_01,9,adam,32,0.01,0.5271,1.417,0.7033,0.9542
mlp_1x512_bs32_adam_lr0_01,10,adam,32,0.01,0.5206,1.4279,0.694,0.9611
mlp_1x512_bs32_adam_lr0_01,11,adam,32,0.01,0.5238,1.4274,0.6807,1.0084
mlp_1x512_bs32_adam_lr0_01,12,adam,32,0.01,0.5289,1.4074,0.686,0.9607
mlp_1x512_bs32_adam_lr0_01,13,adam,32,0.01,0.5213,1.4121,0.6993,0.9123
mlp_1x512_bs32_adam_lr0_01,14,adam,32,0.01,0.5224,1.4286,0.6973,0.9441
mlp_1x512_bs32_sgd_lr0_01,1,sgd,32,0.01,0.3905,1.9009,0.616,1.1468
mlp_1x512_bs32_sgd_lr0_01,2,sgd,32,0.01,0.5184,1.4797,0.7207,0.8956
mlp_1x512_bs32_sgd_lr0_01,3,sgd,32,0.01,0.5748,1.2809,0.7413,0.803
mlp_1x512_bs32_sgd_lr0_01,4,sgd,32,0.01,0.6094,1.1821,0.7653,0.7102
mlp_1x512_bs32_sgd_lr0_01,5,sgd,32,0.01,0.6392,1.0843,0.8087,0.6325
mlp_1x512_bs32_sgd_lr0_01,6,sgd,32,0.01,0.6518,1.0285,0.8093,0.5967
mlp_1x512_bs32_sgd_lr0_01,7,sgd,32,0.01,0.6735,0.9751,0.8293,0.5527
mlp_1x512_bs32_sgd_lr0_01,8,sgd,32,0.01,0.6912,0.93,0.8327,0.5468
mlp_1x512_bs32_sgd_lr0_01,9,sgd,32,0.01,0.6963,0.9034,0.8413,0.5195
mlp_1x512_bs32_sgd_lr0_01,10,sgd,32,0.01,0.6998,0.8804,0.8393,0.5155
mlp_1x512_bs32_sgd_lr0_01,11,sgd,32,0.01,0.7097,0.8558,0.846,0.5014
mlp_1x512_bs32_sgd_lr0_01,12,sgd,32,0.01,0.7207,0.8393,0.8533,0.4738
mlp_1x512_bs32_sgd_lr0_01,13,sgd,32,0.01,0.7327,0.8113,0.8387,0.4819
mlp_1x512_bs32_sgd_lr0_01,14,sgd,32,0.01,0.7328,0.8044,0.8707,0.4523
mlp_1x512_bs32_sgd_lr0_01,15,sgd,32,0.01,0.7358,0.7866,0.8627,0.4648
mlp_1x512_bs32_sgd_lr0_01,16,sgd,32,0.01,0.738,0.7838,0.8653,0.4556
mlp_1x512_bs32_sgd_lr0_01,17,sgd,32,0.01,0.7409,0.7667,0.8733,0.4226
mlp_1x512_bs32_sgd_lr0_01,18,sgd,32,0.01,0.7458,0.7567,0.8673,0.4284
mlp_1x512_bs32_sgd_lr0_01,19,sgd,32,0.01,0.7455,0.7514,0.8833,0.4218
mlp_1x512_bs32_sgd_lr0_01,20,sgd,32,0.01,0.7548,0.7334,0.89,0.397
mlp_1x512_bs32_sgd_lr0_01,21,sgd,32,0.01,0.7592,0.7276,0.886,0.3929
mlp_1x512_bs32_sgd_lr0_01,22,sgd,32,0.01,0.7551,0.7236,0.8793,0.4088
mlp_1x512_bs32_sgd_lr0_01,23,sgd,32,0.01,0.7574,0.7093,0.8827,0.4018
mlp_1x512_bs32_sgd_lr0_01,24,sgd,32,0.01,0.763,0.7112,0.884,0.399
mlp_1x512_bs32_sgd_lr0_01,25,sgd,32,0.01,0.7651,0.7079,0.8853,0.3916
mlp_1x512_bs32_adam_lr0_001,1,adam,32,0.001,0.4276,1.8218,0.6193,1.2413
mlp_1x512_bs32_adam_lr0_001,2,adam,32,0.001,0.5498,1.4157,0.7187,0.9714
mlp_1x512_bs32_adam_lr0_001,3,adam,32,0.001,0.5949,1.2549,0.758,0.8481
mlp_1x512_bs32_adam_lr0_001,4,adam,32,0.001,0.625,1.1537,0.78,0.7669
mlp_1x512_bs32_adam_lr0_001,5,adam,32,0.001,0.644,1.0919,0.794,0.7182
mlp_1x512_bs32_adam_lr0_001,6,adam,32,0.001,0.6644,1.0404,0.8013,0.6818
mlp_1x512_bs32_adam_lr0_001,7,adam,32,0.001,0.6733,0.9979,0.8233,0.6293
mlp_1x512_bs32_adam_lr0_001,8,adam,32,0.001,0.6844,0.9633,0.8233,0.6018
mlp_1x512_bs32_adam_lr0_001,9,adam,32,0.001,0.6895,0.9441,0.832,0.5726
mlp_1x512_bs32_adam_lr0_001,10,adam,32,0.001,0.6987,0.9154,0.8247,0.5704
mlp_1x512_bs32_adam_lr0_001,11,adam,32,0.001,0.6995,0.9035,0.8367,0.5512
mlp_1x512_bs32_adam_lr0_001,12,adam,32,0.001,0.7037,0.8949,0.842,0.5306
mlp_1x512_bs32_adam_lr0_001,13,adam,32,0.001,0.7105,0.8761,0.8533,0.5152
mlp_1x512_bs32_adam_lr0_001,14,adam,32,0.001,0.718,0.8504,0.8487,0.4961
mlp_1x512_bs32_adam_lr0_001,15,adam,32,0.001,0.7127,0.8564,0.8633,0.4979
mlp_1x512_bs32_adam_lr0_001,16,adam,32,0.001,0.7211,0.8474,0.8567,0.5014
mlp_1x512_bs32_adam_lr0_001,17,adam,32,0.001,0.7234,0.8308,0.8567,0.4779
mlp_1x512_bs32_adam_lr0_001,18,adam,32,0.001,0.7338,0.8178,0.8467,0.4942
mlp_1x512_bs32_adam_lr0_001,19,adam,32,0.001,0.7282,0.8144,0.8713,0.4616
mlp_1x512_bs32_adam_lr0_001,20,adam,32,0.001,0.7334,0.813,0.8693,0.4544
mlp_1x512_bs32_adam_lr0_001,21,adam,32,0.001,0.7308,0.8185,0.8627,0.4546
mlp_1x512_bs32_adam_lr0_001,22,adam,32,0.001,0.7347,0.8103,0.8727,0.4513
mlp_1x512_bs32_adam_lr0_001,23,adam,32,0.001,0.7325,0.7984,0.8693,0.4546
mlp_1x512_bs32_adam_lr0_001,24,adam,32,0.001,0.7365,0.7859,0.8713,0.4478
mlp_1x512_bs32_adam_lr0_001,25,adam,32,0.001,0.7418,0.7763,0.8813,0.4455
mlp_1x512_bs32_adam_lr0_001,26,adam,32,0.001,0.7399,0.7776,0.8687,0.4433
mlp_1x512_bs32_adam_lr0_001,27,adam,32,0.001,0.747,0.7685,0.8733,0.4369
mlp_1x512_bs32_adam_lr0_001,28,adam,32,0.001,0.7522,0.7599,0.8793,0.4286
mlp_1x512_bs32_adam_lr0_001,29,adam,32,0.001,0.7434,0.776,0.8693,0.446
mlp_1x512_bs32_adam_lr0_001,30,adam,32,0.001,0.7487,0.7675,0.8633,0.4543
mlp_1x512_bs32_sgd_lr0_001,1,sgd,32,0.001,0.3257,2.1328,0.51,1.6232
mlp_1x512_bs32_sgd_lr0_001,2,sgd,32,0.001,0.4465,1.7588,0.6133,1.3592
mlp_1x512_bs32_sgd_lr0_001,3,sgd,32,0.001,0.508,1.573,0.6587,1.1856
mlp_1x512_bs32_sgd_lr0_001,4,sgd,32,0.001,0.5467,1.4466,0.7047,1.0804
mlp_1x512_bs32_sgd_lr0_001,5,sgd,32,0.001,0.5755,1.3494,0.7173,0.9922
mlp_1x512_bs32_sgd_lr0_001,6,sgd,32,0.001,0.5972,1.2689,0.7567,0.8993
mlp_1x512_bs32_sgd_lr0_001,7,sgd,32,0.001,0.6137,1.2208,0.7607,0.8465
mlp_1x512_bs32_sgd_lr0_001,8,sgd,32,0.001,0.6372,1.1578,0.7733,0.7961
mlp_1x512_bs32_sgd_lr0_001,9,sgd,32,0.001,0.6444,1.1227,0.79,0.7533
mlp_1x512_bs32_sgd_lr0_001,10,sgd,32,0.001,0.6584,1.078,0.7973,0.7277
mlp_1x512_bs32_sgd_lr0_001,11,sgd,32,0.001,0.6626,1.0552,0.7993,0.7089
mlp_1x512_bs32_sgd_lr0_001,12,sgd,32,0.001,0.666,1.0416,0.8193,0.6677
mlp_1x512_bs32_sgd_lr0_001,13,sgd,32,0.001,0.6779,1.0078,0.81,0.6502
mlp_1x512_bs32_sgd_lr0_001,14,sgd,32,0.001,0.6842,0.989,0.824,0.6279
mlp_1x512_bs32_sgd_lr0_001,15,sgd,32,0.001,0.6933,0.9581,0.8307,0.6007
mlp_1x512_bs32_sgd_lr0_001,16,sgd,32,0.001,0.6875,0.9691,0.8407,0.5929
mlp_1x512_bs32_sgd_lr0_001,17,sgd,32,0.001,0.6961,0.9245,0.8387,0.5964
mlp_1x512_bs32_sgd_lr0_001,18,sgd,32,0.001,0.7022,0.9181,0.8347,0.5671
mlp_1x512_bs32_sgd_lr0_001,19,sgd,32,0.001,0.7111,0.8983,0.842,0.5586
mlp_1x512_bs32_sgd_lr0_001,20,sgd,32,0.001,0.707,0.9031,0.8413,0.5456
mlp_1x512_bs32_sgd_lr0_001,21,sgd,32,0.001,0.7143,0.8784,0.8607,0.5259
mlp_1x512_bs32_sgd_lr0_001,22,sgd,32,0.001,0.7159,0.8695,0.8647,0.5113
mlp_1x512_bs32_sgd_lr0_001,23,sgd,32,0.001,0.7166,0.871,0.86,0.5154
mlp_1x512_bs32_sgd_lr0_001,24,sgd,32,0.001,0.7207,0.8524,0.8587,0.5124
mlp_1x512_bs32_sgd_lr0_001,25,sgd,32,0.001,0.7268,0.8459,0.8607,0.4926
mlp_1x512_bs32_sgd_lr0_001,26,sgd,32,0.001,0.7306,0.8382,0.8587,0.4977
mlp_1x512_bs32_sgd_lr0_001,27,sgd,32,0.001,0.7268,0.8277,0.8673,0.4882
mlp_1x512_bs32_sgd_lr0_001,28,sgd,32,0.001,0.7325,0.8317,0.8547,0.487
mlp_1x512_bs32_sgd_lr0_001,29,sgd,32,0.001,0.7296,0.8223,0.866,0.4766
mlp_1x512_bs32_sgd_lr0_001,30,sgd,32,0.001,0.7376,0.8071,0.8673,0.4715
mlp_1x512_bs32_sgd_lr0_001,31,sgd,32,0.001,0.7424,0.7977,0.8647,0.475
mlp_1x512_bs32_sgd_lr0_001,32,sgd,32,0.001,0.7332,0.8172,0.862,0.4659
mlp_1x512_bs32_adam_lr0_0005,1,adam,32,0.0005,0.3995,1.9136,0.5893,1.3721
mlp_1x512_bs32_adam_lr0_0005,2,adam,32,0.0005,0.5297,1.5098,0.6853,1.1115
mlp_1x512_bs32_adam_lr0_0005,3,adam,32,0.0005,0.5786,1.3351,0.7233,0.9547
mlp_1x512_bs32_adam_lr0_0005,4,adam,32,0.0005,0.6162,1.215,0.7527,0.865
mlp_1x512_bs32_adam_lr0_0005,5,adam,32,0.0005,0.6363,1.1511,0.7853,0.7866
mlp_1x512_bs32_adam_lr0_0005,6,adam,32,0.0005,0.6572,1.081,0.7953,0.7403
mlp_1x512_bs32_adam_lr0_0005,7,adam,32,0.0005,0.6698,1.0394,0.8047,0.7008
mlp_1x512_bs32_adam_lr0_0005,8,adam,32,0.0005,0.6826,0.9913,0.8253,0.6369
mlp_1x512_bs32_adam_lr0_0005,9,adam,32,0.0005,0.6827,0.9808,0.8227,0.6209
mlp_1x512_bs32_adam_lr0_0005,10,adam,32,0.0005,0.6935,0.9397,0.8373,0.5954
mlp_1x512_bs32_adam_lr0_0005,11,adam,32,0.0005,0.6957,0.9255,0.8387,0.58
mlp_1x512_bs32_adam_lr0_0005,12,adam,32,0.0005,0.7031,0.9134,0.85,0.5627
mlp_1x512_bs32_adam_lr0_0005,13,adam,32,0.0005,0.7132,0.877,0.8453,0.5466
mlp_1x512_bs32_adam_lr0_0005,14,adam,32,0.0005,0.716,0.875,0.8547,0.5234
mlp_1x512_bs32_adam_lr0_0005,15,adam,32,0.0005,0.7164,0.8526,0.8627,0.5116
mlp_1x512_bs32_adam_lr0_0005,16,adam,32,0.0005,0.7271,0.8414,0.864,0.5111
mlp_1x512_bs32_adam_lr0_0005,17,adam,32,0.0005,0.7272,0.8282,0.8573,0.4966
mlp_1x512_bs32_adam_lr0_0005,18,adam,32,0.0005,0.7358,0.8146,0.86,0.4925
mlp_1x512_bs32_adam_lr0_0005,19,adam,32,0.0005,0.7372,0.8021,0.8673,0.4799
mlp_1x512_bs32_adam_lr0_0005,20,adam,32,0.0005,0.7372,0.7992,0.8673,0.488
mlp_1x512_bs32_adam_lr0_0005,21,adam,32,0.0005,0.7386,0.801,0.868,0.4683
mlp_1x512_bs32_adam_lr0_0005,22,adam,32,0.0005,0.739,0.7966,0.8633,0.4591
mlp_1x512_bs32_adam_lr0_0005,23,adam,32,0.0005,0.7438,0.7755,0.8707,0.4569
mlp_1x512_bs32_adam_lr0_0005,24,adam,32,0.0005,0.7466,0.7719,0.8747,0.4408
mlp_1x512_bs32_adam_lr0_0005,25,adam,32,0.0005,0.7506,0.761,0.874,0.4475
mlp_1x512_bs32_adam_lr0_0005,26,adam,32,0.0005,0.7508,0.7618,0.87,0.4427
mlp_1x512_bs32_adam_lr0_0005,27,adam,32,0.0005,0.7537,0.7515,0.8753,0.4403
mlp_1x512_bs32_adam_lr0_0005,28,adam,32,0.0005,0.7557,0.7403,0.8713,0.4253
mlp_1x512_bs32_adam_lr0_0005,29,adam,32,0.0005,0.7573,0.7379,0.8767,0.4219
mlp_1x512_bs32_adam_lr0_0005,30,adam,32,0.0005,0.761,0.7294,0.8733,0.4337
mlp_1x512_bs32_adam_lr0_0005,31,adam,32,0.0005,0.7595,0.7279,0.8773,0.4257
mlp_1x512_bs32_adam_lr0_0005,32,adam,32,0.0005,0.7652,0.7237,0.8833,0.4193
mlp_1x512_bs32_adam_lr0_0005,33,adam,32,0.0005,0.7615,0.7109,0.8873,0.4018
mlp_1x512_bs32_adam_lr0_0005,34,adam,32,0.0005,0.7587,0.7228,0.8813,0.4152
mlp_1x512_bs32_adam_lr0_0005,35,adam,32,0.0005,0.7674,0.7236,0.8993,0.4094
mlp_1x512_bs32_adam_lr0_0005,36,adam,32,0.0005,0.7642,0.7136,0.884,0.4032
mlp_1x512_bs32_adam_lr0_0005,37,adam,32,0.0005,0.7658,0.707,0.8867,0.3982
mlp_1x512_bs32_adam_lr0_0005,38,adam,32,0.0005,0.7713,0.6997,0.8833,0.3981
mlp_1x512_bs32_adam_lr0_0005,39,adam,32,0.0005,0.7661,0.7052,0.8927,0.3854
mlp_1x512_bs32_adam_lr0_0005,40,adam,32,0.0005,0.7657,0.7109,0.888,0.3833
mlp_1x512_bs32_sgd_lr0_0005,1,sgd,32,0.0005,0.2763,2.2736,0.4713,1.8073
mlp_1x512_bs32_sgd_lr0_0005,2,sgd,32,0.0005,0.4021,1.9184,0.55,1.5792
mlp_1x512_bs32_sgd_lr0_0005,3,sgd,32,0.0005,0.4541,1.7769,0.586,1.4288
mlp_1x512_bs32_sgd_lr0_0005,4,sgd,32,0.0005,0.4898,1.6563,0.6293,1.3197
mlp_1x512_bs32_sgd_lr0_0005,5,sgd,32,0.0005,0.5211,1.5549,0.6693,1.2151
mlp_1x512_bs32_sgd_lr0_0005,6,sgd,32,0.0005,0.5413,1.4879,0.6867,1.1321
mlp_1x512_bs32_sgd_lr0_0005,7,sgd,32,0.0005,0.5662,1.4055,0.7133,1.0596
mlp_1x512_bs32_sgd_lr0_0005,8,sgd,32,0.0005,0.5819,1.3617,0.732,1.0151
mlp_1x512_bs32_sgd_lr0_0005,9,sgd,32,0.0005,0.6006,1.3054,0.7593,0.9496
mlp_1x512_bs32_sgd_lr0_0005,10,sgd,32,0.0005,0.6048,1.2727,0.7593,0.9163
mlp_1x512_bs32_sgd_lr0_0005,11,sgd,32,0.0005,0.6232,1.2153,0.7787,0.8624
mlp_1x512_bs32_sgd_lr0_0005,12,sgd,32,0.0005,0.6354,1.1779,0.7813,0.8413
mlp_1x512_bs32_sgd_lr0_0005,13,sgd,32,0.0005,0.6382,1.1585,0.7807,0.8113
mlp_1x512_bs32_sgd_lr0_0005,14,sgd,32,0.0005,0.6458,1.1305,0.8027,0.7728
mlp_1x512_bs32_sgd_lr0_0005,15,sgd,32,0.0005,0.6478,1.1221,0.8053,0.7595
mlp_1x512_bs32_sgd_lr0_0005,16,sgd,32,0.0005,0.6593,1.0988,0.8067,0.7413
mlp_1x512_bs32_sgd_lr0_0005,17,sgd,32,0.0005,0.6721,1.0572,0.8,0.7335
mlp_1x512_bs32_sgd_lr0_0005,18,sgd,32,0.0005,0.6713,1.0416,0.8147,0.6901
mlp_1x512_bs32_sgd_lr0_0005,19,sgd,32,0.0005,0.669,1.0426,0.828,0.6774
mlp_1x512_bs32_sgd_lr0_0005,20,sgd,32,0.0005,0.6807,1.0149,0.8167,0.6609
mlp_1x512_bs32_sgd_lr0_0005,21,sgd,32,0.0005,0.6775,1.0045,0.83,0.6424
mlp_1x512_bs32_sgd_lr0_0005,22,sgd,32,0.0005,0.6859,0.9801,0.83,0.6332
mlp_1x512_bs32_sgd_lr0_0005,23,sgd,32,0.0005,0.6893,0.9774,0.836,0.6184
mlp_1x512_bs32_sgd_lr0_0005,24,sgd,32,0.0005,0.6923,0.9658,0.8367,0.6105
mlp_1x512_bs32_sgd_lr0_0005,25,sgd,32,0.0005,0.7007,0.9482,0.842,0.6003
mlp_1x512_bs32_sgd_lr0_0005,26,sgd,32,0.0005,0.693,0.9564,0.8447,0.5887
mlp_1x512_bs32_sgd_lr0_0005,27,sgd,32,0.0005,0.6993,0.9371,0.8447,0.5897
mlp_1x512_bs32_sgd_lr0_0005,28,sgd,32,0.0005,0.7057,0.9174,0.8613,0.5632
mlp_1x512_bs32_sgd_lr0_0005,29,sgd,32,0.0005,0.7085,0.9124,0.854,0.5736
mlp_1x512_bs32_sgd_lr0_0005,30,sgd,32,0.0005,0.7111,0.9017,0.8567,0.5601
mlp_1x512_bs32_sgd_lr0_0005,31,sgd,32,0.0005,0.7102,0.8988,0.862,0.5457
mlp_1x512_bs32_sgd_lr0_0005,32,sgd,32,0.0005,0.7151,0.8835,0.8533,0.545
mlp_1x512_bs32_sgd_lr0_0005,33,sgd,32,0.0005,0.7173,0.8776,0.8533,0.5322
mlp_1x512_bs32_sgd_lr0_0005,34,sgd,32,0.0005,0.723,0.8712,0.8587,0.52
mlp_1x512_bs32_sgd_lr0_0005,35,sgd,32,0.0005,0.7243,0.8595,0.868,0.5107
mlp_1x512_bs32_sgd_lr0_0005,36,sgd,32,0.0005,0.7272,0.856,0.862,0.5167
mlp_1x512_bs32_sgd_lr0_0005,37,sgd,32,0.0005,0.7288,0.8392,0.8647,0.5129
mlp_1x512_bs32_sgd_lr0_0005,38,sgd,32,0.0005,0.7258,0.8435,0.8633,0.5033
mlp_1x512_bs32_sgd_lr0_0005,39,sgd,32,0.0005,0.7273,0.846,0.862,0.5061
mlp_1x512_bs32_sgd_lr0_0005,40,sgd,32,0.0005,0.7294,0.8342,0.87,0.503
mlp_1x512_bs32_sgd_lr0_0005,41,sgd,32,0.0005,0.7332,0.8206,0.872,0.4821
mlp_1x512_bs32_sgd_lr0_0005,42,sgd,32,0.0005,0.7369,0.8195,0.87,0.4859
mlp_1x512_bs32_sgd_lr0_0005,43,sgd,32,0.0005,0.7306,0.8243,0.874,0.4805
mlp_1x512_bs32_sgd_lr0_0005,44,sgd,32,0.0005,0.7356,0.8229,0.8693,0.4884
mlp_1x512_bs32_sgd_lr0_0005,45,sgd,32,0.0005,0.7396,0.8048,0.8693,0.4807
mlp_1x512_bs32_sgd_lr0_0005,46,sgd,32,0.0005,0.7368,0.8089,0.8707,0.4721
mlp_1x512_bs32_sgd_lr0_0005,47,sgd,32,0.0005,0.7373,0.805,0.878,0.4567
mlp_1x512_bs32_sgd_lr0_0005,48,sgd,32,0.0005,0.7421,0.805,0.882,0.4592
mlp_1x512_bs32_sgd_lr0_0005,49,sgd,32,0.0005,0.7429,0.7912,0.876,0.4602
mlp_1x512_bs32_sgd_lr0_0005,50,sgd,32,0.0005,0.7478,0.7822,0.8767,0.4463
mlp_1x512_bs256_adam_lr0_01,1,adam,256,0.01,0.4069,1.8695,0.634,1.1532
mlp_1x512_bs256_adam_lr0_01,2,adam,256,0.01,0.5761,1.3139,0.724,0.8588
mlp_1x512_bs256_adam_lr0_01,3,adam,256,0.01,0.6239,1.1374,0.7573,0.785
mlp_1x512_bs256_adam_lr0_01,4,adam,256,0.01,0.6488,1.0488,0.776,0.7171
mlp_1x512_bs256_adam_lr0_01,5,adam,256,0.01,0.6687,0.9976,0.7853,0.6832
mlp_1x512_bs256_adam_lr0_01,6,adam,256,0.01,0.6843,0.964,0.7913,0.66
mlp_1x512_bs256_adam_lr0_01,7,adam,256,0.01,0.6884,0.9375,0.812,0.6204
mlp_1x512_bs256_adam_lr0_01,8,adam,256,0.01,0.6961,0.9138,0.8007,0.6252
mlp_1x512_bs256_adam_lr0_01,9,adam,256,0.01,0.6939,0.9203,0.8173,0.6089
mlp_1x512_bs256_adam_lr0_01,10,adam,256,0.01,0.706,0.8961,0.8247,0.5917
mlp_1x512_bs256_adam_lr0_01,11,adam,256,0.01,0.7067,0.8855,0.8253,0.5856
mlp_1x512_bs256_adam_lr0_01,12,adam,256,0.01,0.7087,0.8818,0.8373,0.5761
mlp_1x512_bs256_adam_lr0_01,13,adam,256,0.01,0.7075,0.8793,0.8127,0.5768
mlp_1x512_bs256_adam_lr0_01,14,adam,256,0.01,0.7131,0.8647,0.8273,0.5712
mlp_1x512_bs256_adam_lr0_01,15,adam,256,0.01,0.7167,0.8487,0.8213,0.5774
mlp_1x512_bs256_adam_lr0_01,16,adam,256,0.01,0.7143,0.8513,0.812,0.5785
mlp_1x512_bs256_adam_lr0_01,17,adam,256,0.01,0.7163,0.8511,0.832,0.5651
mlp_1x512_bs256_sgd_lr0_01,1,sgd,256,0.01,0.3084,2.1728,0.4827,1.9541
mlp_1x512_bs256_sgd_lr0_01,2,sgd,256,0.01,0.4638,1.7041,0.6,1.3244
mlp_1x512_bs256_sgd_lr0_01,3,sgd,256,0.01,0.5386,1.4853,0.6733,1.1292
mlp_1x512_bs256_sgd_lr0_01,4,sgd,256,0.01,0.5843,1.3398,0.716,1.0016
mlp_1x512_bs256_sgd_lr0_01,5,sgd,256,0.01,0.6229,1.2236,0.7553,0.8928
mlp_1x512_bs256_sgd_lr0_01,6,sgd,256,0.01,0.6474,1.1452,0.7653,0.8284
mlp_1x512_bs256_sgd_lr0_01,7,sgd,256,0.01,0.6598,1.0782,0.7767,0.7791
mlp_1x512_bs256_sgd_lr0_01,8,sgd,256,0.01,0.674,1.023,0.8,0.7205
mlp_1x512_bs256_sgd_lr0_01,9,sgd,256,0.01,0.6917,0.9881,0.8093,0.6842
mlp_1x512_bs256_sgd_lr0_01,10,sgd,256,0.01,0.6983,0.9503,0.818,0.6582
mlp_1x512_bs256_sgd_lr0_01,11,sgd,256,0.01,0.7032,0.9223,0.832,0.6241
mlp_1x512_bs256_sgd_lr0_01,12,sgd,256,0.01,0.7191,0.888,0.8347,0.6002
mlp_1x512_bs256_sgd_lr0_01,13,sgd,256,0.01,0.7173,0.8783,0.8407,0.5859
mlp_1x512_bs256_sgd_lr0_01,14,sgd,256,0.01,0.7228,0.8545,0.844,0.5682
mlp_1x512_bs256_sgd_lr0_01,15,sgd,256,0.01,0.7258,0.8433,0.8587,0.5514
mlp_1x512_bs256_sgd_lr0_01,16,sgd,256,0.01,0.7324,0.8179,0.8453,0.5416
mlp_1x512_bs256_sgd_lr0_01,17,sgd,256,0.01,0.7457,0.7999,0.8547,0.5154
mlp_1x512_bs256_sgd_lr0_01,18,sgd,256,0.01,0.7396,0.7898,0.8547,0.5058
mlp_1x512_bs256_sgd_lr0_01,19,sgd,256,0.01,0.753,0.7655,0.8547,0.4997
mlp_1x512_bs256_sgd_lr0_01,20,sgd,256,0.01,0.7554,0.7591,0.8527,0.4931
mlp_1x512_bs256_adam_lr0_001,1,adam,256,0.001,0.388,1.9762,0.5573,1.6594
mlp_1x512_bs256_adam_lr0_001,2,adam,256,0.001,0.519,1.576,0.6513,1.2157
mlp_1x512_bs256_adam_lr0_001,3,adam,256,0.001,0.5746,1.3791,0.7047,1.0542
mlp_1x512_bs256_adam_lr0_001,4,adam,256,0.001,0.6221,1.2333,0.7467,0.9284
mlp_1x512_bs256_adam_lr0_001,5,adam,256,0.001,0.6562,1.1307,0.7633,0.8522
mlp_1x512_bs256_adam_lr0_001,6,adam,256,0.001,0.67,1.0704,0.8,0.7747
mlp_1x512_bs256_adam_lr0_001,7,adam,256,0.001,0.6955,1.0003,0.81,0.7069
mlp_1x512_bs256_adam_lr0_001,8,adam,256,0.001,0.7036,0.9568,0.8153,0.673
mlp_1x512_bs256_adam_lr0_001,9,adam,256,0.001,0.7149,0.9079,0.8313,0.6341
mlp_1x512_bs256_adam_lr0_001,10,adam,256,0.001,0.726,0.8795,0.828,0.6099
mlp_1x512_bs256_adam_lr0_001,11,adam,256,0.001,0.7286,0.8602,0.8467,0.5832
mlp_1x512_bs256_adam_lr0_001,12,adam,256,0.001,0.7324,0.8406,0.8453,0.5719
mlp_1x512_bs256_adam_lr0_001,13,adam,256,0.001,0.7491,0.8045,0.8513,0.5459
mlp_1x512_bs256_adam_lr0_001,14,adam,256,0.001,0.7457,0.793,0.856,0.5293
mlp_1x512_bs256_adam_lr0_001,15,adam,256,0.001,0.7526,0.776,0.856,0.5171
mlp_1x512_bs256_adam_lr0_001,16,adam,256,0.001,0.7548,0.764,0.858,0.4998
mlp_1x512_bs256_adam_lr0_001,17,adam,256,0.001,0.7638,0.7456,0.874,0.4896
mlp_1x512_bs256_adam_lr0_001,18,adam,256,0.001,0.7649,0.7428,0.8713,0.4783
mlp_1x512_bs256_adam_lr0_001,19,adam,256,0.001,0.7756,0.713,0.872,0.4663
mlp_1x512_bs256_adam_lr0_001,20,adam,256,0.001,0.7727,0.7109,0.8733,0.4606
mlp_1x512_bs256_adam_lr0_001,21,adam,256,0.001,0.7727,0.7091,0.8773,0.455
mlp_1x512_bs256_adam_lr0_001,22,adam,256,0.001,0.7782,0.6952,0.8707,0.4481
mlp_1x512_bs256_adam_lr0_001,23,adam,256,0.001,0.7861,0.6828,0.88,0.4334
mlp_1x512_bs256_adam_lr0_001,24,adam,256,0.001,0.7824,0.6745,0.8733,0.441
mlp_1x512_bs256_adam_lr0_001,25,adam,256,0.001,0.7854,0.6715,0.8773,0.4293
mlp_1x512_bs256_adam_lr0_001,26,adam,256,0.001,0.7925,0.6552,0.8813,0.4269
mlp_1x512_bs256_adam_lr0_001,27,adam,256,0.001,0.7918,0.6507,0.886,0.4223
mlp_1x512_bs256_adam_lr0_001,28,adam,256,0.001,0.7929,0.6444,0.8807,0.41
mlp_1x512_bs256_adam_lr0_001,29,adam,256,0.001,0.7984,0.6349,0.8847,0.3943
mlp_1x512_bs256_adam_lr0_001,30,adam,256,0.001,0.7994,0.6314,0.8913,0.4024
mlp_1x512_bs256_adam_lr0_001,31,adam,256,0.001,0.7979,0.6299,0.898,0.3935
mlp_1x512_bs256_adam_lr0_001,32,adam,256,0.001,0.7988,0.6244,0.89,0.3926
mlp_1x512_bs256_adam_lr0_001,33,adam,256,0.001,0.8027,0.6149,0.8933,0.3908
mlp_1x512_bs256_adam_lr0_001,34,adam,256,0.001,0.8073,0.5991,0.8927,0.383
mlp_1x512_bs256_adam_lr0_001,35,adam,256,0.001,0.7998,0.6126,0.8953,0.3809
mlp_1x512_bs256_adam_lr0_001,36,adam,256,0.001,0.8034,0.6112,0.8913,0.3803
mlp_1x512_bs256_sgd_lr0_001,1,sgd,256,0.001,0.1588,2.5934,0.334,2.4929
mlp_1x512_bs256_sgd_lr0_001,2,sgd,256,0.001,0.2928,2.2523,0.4327,1.9937
mlp_1x512_bs256_sgd_lr0_001,3,sgd,256,0.001,0.3458,2.099,0.4713,1.8502
mlp_1x512_bs256_sgd_lr0_001,4,sgd,256,0.001,0.3834,1.9949,0.486,1.7612
mlp_1x512_bs256_sgd_lr0_001,5,sgd,256,0.001,0.4087,1.9257,0.5013,1.6893
mlp_1x512_bs256_sgd_lr0_001,6,sgd,256,0.001,0.4245,1.8759,0.5247,1.6315
mlp_1x512_bs256_sgd_lr0_001,7,sgd,256,0.001,0.4386,1.8292,0.5407,1.5804
mlp_1x512_bs256_sgd_lr0_001,8,sgd,256,0.001,0.454,1.7797,0.55,1.53
mlp_1x512_bs256_sgd_lr0_001,9,sgd,256,0.001,0.4702,1.7462,0.572,1.4924
mlp_1x512_bs256_sgd_lr0_001,10,sgd,256,0.001,0.4833,1.7013,0.5813,1.4514
mlp_1x512_bs256_sgd_lr0_001,11,sgd,256,0.001,0.4873,1.6714,0.5987,1.4183
mlp_1x512_bs256_sgd_lr0_001,12,sgd,256,0.001,0.5028,1.6289,0.612,1.3835
mlp_1x512_bs256_sgd_lr0_001,13,sgd,256,0.001,0.5162,1.606,0.6153,1.3504
mlp_1x512_bs256_sgd_lr0_001,14,sgd,256,0.001,0.5248,1.5674,0.6273,1.3159
mlp_1x512_bs256_sgd_lr0_001,15,sgd,256,0.001,0.5308,1.5506,0.6367,1.2855
mlp_1x512_bs256_sgd_lr0_001,16,sgd,256,0.001,0.5374,1.5132,0.65,1.2576
mlp_1x512_bs256_sgd_lr0_001,17,sgd,256,0.001,0.546,1.4868,0.6593,1.2288
mlp_1x512_bs256_sgd_lr0_001,18,sgd,256,0.001,0.5587,1.4589,0.676,1.2045
mlp_1x512_bs256_sgd_lr0_001,19,sgd,256,0.001,0.5625,1.4493,0.6807,1.1828
mlp_1x512_bs256_sgd_lr0_001,20,sgd,256,0.001,0.5729,1.4135,0.686,1.1603
mlp_1x512_bs256_sgd_lr0_001,21,sgd,256,0.001,0.5769,1.3963,0.6947,1.1339
mlp_1x512_bs256_sgd_lr0_001,22,sgd,256,0.001,0.5848,1.3746,0.6993,1.115
mlp_1x512_bs256_sgd_lr0_001,23,sgd,256,0.001,0.5935,1.3503,0.7087,1.0917
mlp_1x512_bs256_sgd_lr0_001,24,sgd,256,0.001,0.5984,1.3367,0.7153,1.0697
mlp_1x512_bs256_sgd_lr0_001,25,sgd,256,0.001,0.6073,1.3153,0.718,1.0546
mlp_1x512_bs256_sgd_lr0_001,26,sgd,256,0.001,0.6092,1.2966,0.726,1.0364
mlp_1x512_bs256_sgd_lr0_001,27,sgd,256,0.001,0.6131,1.2802,0.7387,1.0183
mlp_1x512_bs256_sgd_lr0_001,28,sgd,256,0.001,0.6132,1.277,0.742,1.0049
mlp_1x512_bs256_sgd_lr0_001,29,sgd,256,0.001,0.6236,1.2514,0.7447,0.9884
mlp_1x512_bs256_sgd_lr0_001,30,sgd,256,0.001,0.6321,1.2408,0.748,0.9683
mlp_1x512_bs256_sgd_lr0_001,31,sgd,256,0.001,0.6301,1.2274,0.7527,0.9571
mlp_1x512_bs256_sgd_lr0_001,32,sgd,256,0.001,0.6422,1.1977,0.756,0.9433
mlp_1x512_bs256_sgd_lr0_001,33,sgd,256,0.001,0.6402,1.1927,0.7667,0.9268
mlp_1x512_bs256_sgd_lr0_001,34,sgd,256,0.001,0.646,1.1826,0.7707,0.9163
mlp_1x512_bs256_sgd_lr0_001,35,sgd,256,0.001,0.6468,1.1788,0.776,0.9036
mlp_1x512_bs256_sgd_lr0_001,36,sgd,256,0.001,0.6433,1.1634,0.772,0.8926
mlp_1x512_bs256_sgd_lr0_001,37,sgd,256,0.001,0.6523,1.1512,0.7767,0.881
mlp_1x512_bs256_sgd_lr0_001,38,sgd,256,0.001,0.6593,1.1225,0.7767,0.8682
mlp_1x512_bs256_sgd_lr0_001,39,sgd,256,0.001,0.6669,1.1161,0.7793,0.8592
mlp_1x512_bs256_sgd_lr0_001,40,sgd,256,0.001,0.6673,1.1058,0.786,0.8511
mlp_1x512_bs256_sgd_lr0_001,41,sgd,256,0.001,0.6704,1.0992,0.7873,0.8372
mlp_1x512_bs256_sgd_lr0_001,42,sgd,256,0.001,0.6712,1.0914,0.7913,0.825
mlp_1x512_bs256_sgd_lr0_001,43,sgd,256,0.001,0.6727,1.0784,0.7913,0.8176
mlp_1x512_bs256_sgd_lr0_001,44,sgd,256,0.001,0.6781,1.0674,0.794,0.8042
mlp_1x512_bs256_sgd_lr0_001,45,sgd,256,0.001,0.6767,1.0761,0.7987,0.7971
mlp_1x512_bs256_sgd_lr0_001,46,sgd,256,0.001,0.6806,1.0578,0.8053,0.7878
mlp_1x512_bs256_sgd_lr0_001,47,sgd,256,0.001,0.6788,1.0522,0.8007,0.7818
mlp_1x512_bs256_sgd_lr0_001,48,sgd,256,0.001,0.6874,1.0467,0.8033,0.774
mlp_1x512_bs256_sgd_lr0_001,49,sgd,256,0.001,0.6933,1.0303,0.808,0.7636
mlp_1x512_bs256_sgd_lr0_001,50,sgd,256,0.001,0.6909,1.0177,0.812,0.7551
mlp_1x512_bs256_adam_lr0_0005,1,adam,256,0.0005,0.3588,2.0614,0.5133,1.9106
mlp_1x512_bs256_adam_lr0_0005,2,adam,256,0.0005,0.4872,1.6922,0.596,1.375
mlp_1x512_bs256_adam_lr0_0005,3,adam,256,0.0005,0.539,1.5222,0.6573,1.2132
mlp_1x512_bs256_adam_lr0_0005,4,adam,256,0.0005,0.5777,1.3949,0.6907,1.1082
mlp_1x512_bs256_adam_lr0_0005,5,adam,256,0.0005,0.6079,1.3007,0.7247,1.0146
mlp_1x512_bs256_adam_lr0_0005,6,adam,256,0.0005,0.6405,1.205,0.7533,0.9373
mlp_1x512_bs256_adam_lr0_0005,7,adam,256,0.0005,0.6567,1.1508,0.7647,0.88
mlp_1x512_bs256_adam_lr0_0005,8,adam,256,0.0005,0.6716,1.09,0.7793,0.8303
mlp_1x512_bs256_adam_lr0_0005,9,adam,256,0.0005,0.6892,1.0453,0.8,0.7779
mlp_1x512_bs256_adam_lr0_0005,10,adam,256,0.0005,0.691,1.0116,0.8107,0.7499
mlp_1x512_bs256_adam_lr0_0005,11,adam,256,0.0005,0.7119,0.9666,0.82,0.707
mlp_1x512_bs256_adam_lr0_0005,12,adam,256,0.0005,0.7143,0.9413,0.8267,0.6787
mlp_1x512_bs256_adam_lr0_0005,13,adam,256,0.0005,0.7194,0.9224,0.8347,0.6512
mlp_1x512_bs256_adam_lr0_0005,14,adam,256,0.0005,0.7315,0.8826,0.836,0.6234
mlp_1x512_bs256_adam_lr0_0005,15,adam,256,0.0005,0.7435,0.8539,0.8407,0.6067
mlp_1x512_bs256_adam_lr0_0005,16,adam,256,0.0005,0.7358,0.8468,0.8413,0.5908
mlp_1x512_bs256_adam_lr0_0005,17,adam,256,0.0005,0.7436,0.828,0.848,0.578
mlp_1x512_bs256_adam_lr0_0005,18,adam,256,0.0005,0.7513,0.8114,0.8587,0.558
mlp_1x512_bs256_adam_lr0_0005,19,adam,256,0.0005,0.7548,0.797,0.8607,0.548
mlp_1x512_bs256_adam_lr0_0005,20,adam,256,0.0005,0.7602,0.7864,0.8653,0.5347
mlp_1x512_bs256_adam_lr0_0005,21,adam,256,0.0005,0.7585,0.7824,0.864,0.5263
mlp_1x512_bs256_adam_lr0_0005,22,adam,256,0.0005,0.7643,0.759,0.8687,0.5105
mlp_1x512_bs256_adam_lr0_0005,23,adam,256,0.0005,0.7708,0.7442,0.8687,0.5054
mlp_1x512_bs256_adam_lr0_0005,24,adam,256,0.0005,0.7689,0.7379,0.8727,0.4872
mlp_1x512_bs256_adam_lr0_0005,25,adam,256,0.0005,0.7729,0.7228,0.8693,0.4865
mlp_1x512_bs256_adam_lr0_0005,26,adam,256,0.0005,0.773,0.7194,0.8653,0.4778
mlp_1x512_bs256_adam_lr0_0005,27,adam,256,0.0005,0.7815,0.7086,0.8733,0.4683
mlp_1x512_bs256_adam_lr0_0005,28,adam,256,0.0005,0.7829,0.6864,0.876,0.4603
mlp_1x512_bs256_adam_lr0_0005,29,adam,256,0.0005,0.7814,0.6925,0.8793,0.4519
mlp_1x512_bs256_adam_lr0_0005,30,adam,256,0.0005,0.7792,0.686,0.8807,0.4461
mlp_1x512_bs256_adam_lr0_0005,31,adam,256,0.0005,0.787,0.6806,0.888,0.4415
mlp_1x512_bs256_adam_lr0_0005,32,adam,256,0.0005,0.7856,0.6707,0.8887,0.4313
mlp_1x512_bs256_adam_lr0_0005,33,adam,256,0.0005,0.7904,0.659,0.8893,0.4332
mlp_1x512_bs256_adam_lr0_0005,34,adam,256,0.0005,0.7941,0.6564,0.8913,0.428
mlp_1x512_bs256_adam_lr0_0005,35,adam,256,0.0005,0.7896,0.6579,0.888,0.4266
mlp_1x512_bs256_adam_lr0_0005,36,adam,256,0.0005,0.7988,0.6439,0.8887,0.4158
mlp_1x512_bs256_adam_lr0_0005,37,adam,256,0.0005,0.7986,0.638,0.8887,0.4103
mlp_1x512_bs256_adam_lr0_0005,38,adam,256,0.0005,0.8012,0.6332,0.8927,0.406
mlp_1x512_bs256_adam_lr0_0005,39,adam,256,0.0005,0.8025,0.6267,0.8873,0.4131
mlp_1x512_bs256_adam_lr0_0005,40,adam,256,0.0005,0.8032,0.6211,0.8913,0.4024
mlp_1x512_bs256_adam_lr0_0005,41,adam,256,0.0005,0.7997,0.6277,0.8953,0.405
mlp_1x512_bs256_adam_lr0_0005,42,adam,256,0.0005,0.8072,0.6068,0.8973,0.3953
mlp_1x512_bs256_adam_lr0_0005,43,adam,256,0.0005,0.8053,0.6097,0.896,0.3978
mlp_1x512_bs256_adam_lr0_0005,44,adam,256,0.0005,0.8072,0.6074,0.902,0.3857
mlp_1x512_bs256_adam_lr0_0005,45,adam,256,0.0005,0.811,0.6022,0.9073,0.3781
mlp_1x512_bs256_adam_lr0_0005,46,adam,256,0.0005,0.8007,0.614,0.9027,0.3819
mlp_1x512_bs256_adam_lr0_0005,47,adam,256,0.0005,0.8103,0.6009,0.9027,0.3779
mlp_1x512_bs256_adam_lr0_0005,48,adam,256,0.0005,0.8117,0.5993,0.9027,0.3774
mlp_1x512_bs256_adam_lr0_0005,49,adam,256,0.0005,0.8104,0.596,0.9013,0.3743
mlp_1x512_bs256_adam_lr0_0005,50,adam,256,0.0005,0.8167,0.5875,0.8933,0.3783
mlp_1x512_bs256_sgd_lr0_0005,1,sgd,256,0.0005,0.1271,2.6885,0.222,2.5797
mlp_1x512_bs256_sgd_lr0_0005,2,sgd,256,0.0005,0.23,2.4131,0.3487,2.2075
mlp_1x512_bs256_sgd_lr0_0005,3,sgd,256,0.0005,0.2889,2.2674,0.4113,2.0633
mlp_1x512_bs256_sgd_lr0_0005,4,sgd,256,0.0005,0.3211,2.1744,0.4353,1.97
mlp_1x512_bs256_sgd_lr0_0005,5,sgd,256,0.0005,0.3465,2.1117,0.4507,1.8984
mlp_1x512_bs256_sgd_lr0_0005,6,sgd,256,0.0005,0.3643,2.0603,0.4707,1.8438
mlp_1x512_bs256_sgd_lr0_0005,7,sgd,256,0.0005,0.3855,2.006,0.486,1.7934
mlp_1x512_bs256_sgd_lr0_0005,8,sgd,256,0.0005,0.3895,1.968,0.4953,1.7496
mlp_1x512_bs256_sgd_lr0_0005,9,sgd,256,0.0005,0.4021,1.9439,0.508,1.7091
mlp_1x512_bs256_sgd_lr0_0005,10,sgd,256,0.0005,0.4212,1.9025,0.52,1.6791
mlp_1x512_bs256_sgd_lr0_0005,11,sgd,256,0.0005,0.4241,1.8792,0.5247,1.6467
mlp_1x512_bs256_sgd_lr0_0005,12,sgd,256,0.0005,0.4368,1.8447,0.53,1.6164
mlp_1x512_bs256_sgd_lr0_0005,13,sgd,256,0.0005,0.4408,1.8178,0.538,1.5903
mlp_1x512_bs256_sgd_lr0_0005,14,sgd,256,0.0005,0.4513,1.7985,0.5393,1.5624
mlp_1x512_bs256_sgd_lr0_0005,15,sgd,256,0.0005,0.4539,1.7817,0.546,1.541
mlp_1x512_bs256_sgd_lr0_0005,16,sgd,256,0.0005,0.463,1.7611,0.56,1.518
mlp_1x512_bs256_sgd_lr0_0005,17,sgd,256,0.0005,0.4719,1.7329,0.5673,1.496
mlp_1x512_bs256_sgd_lr0_0005,18,sgd,256,0.0005,0.4779,1.7142,0.5733,1.4753
mlp_1x512_bs256_sgd_lr0_0005,19,sgd,256,0.0005,0.4843,1.6974,0.5773,1.4561
mlp_1x512_bs256_sgd_lr0_0005,20,sgd,256,0.0005,0.4851,1.6881,0.586,1.4362
mlp_1x512_bs256_sgd_lr0_0005,21,sgd,256,0.0005,0.4929,1.6662,0.594,1.4171
mlp_1x512_bs256_sgd_lr0_0005,22,sgd,256,0.0005,0.5007,1.6414,0.6007,1.3965
mlp_1x512_bs256_sgd_lr0_0005,23,sgd,256,0.0005,0.5006,1.6373,0.6047,1.3788
mlp_1x512_bs256_sgd_lr0_0005,24,sgd,256,0.0005,0.508,1.6225,0.6127,1.3609
mlp_1x512_bs256_sgd_lr0_0005,25,sgd,256,0.0005,0.5167,1.5887,0.6187,1.3463
mlp_1x512_bs256_sgd_lr0_0005,26,sgd,256,0.0005,0.5223,1.5874,0.628,1.3302
mlp_1x512_bs256_sgd_lr0_0005,27,sgd,256,0.0005,0.5216,1.5697,0.6313,1.3101
mlp_1x512_bs256_sgd_lr0_0005,28,sgd,256,0.0005,0.5324,1.5526,0.6367,1.3006
mlp_1x512_bs256_sgd_lr0_0005,29,sgd,256,0.0005,0.5321,1.538,0.6433,1.2818
mlp_1x512_bs256_sgd_lr0_0005,30,sgd,256,0.0005,0.54,1.5214,0.648,1.2695
mlp_1x512_bs256_sgd_lr0_0005,31,sgd,256,0.0005,0.5403,1.5107,0.652,1.2552
mlp_1x512_bs256_sgd_lr0_0005,32,sgd,256,0.0005,0.5429,1.4981,0.6573,1.2394
mlp_1x512_bs256_sgd_lr0_0005,33,sgd,256,0.0005,0.5489,1.4881,0.6593,1.2265
mlp_1x512_bs256_sgd_lr0_0005,34,sgd,256,0.0005,0.5503,1.475,0.6593,1.2141
mlp_1x512_bs256_sgd_lr0_0005,35,sgd,256,0.0005,0.5614,1.4531,0.6647,1.2004
mlp_1x512_bs256_sgd_lr0_0005,36,sgd,256,0.0005,0.5646,1.4399,0.6773,1.1896
mlp_1x512_bs256_sgd_lr0_0005,37,sgd,256,0.0005,0.5677,1.4417,0.6813,1.1771
mlp_1x512_bs256_sgd_lr0_0005,38,sgd,256,0.0005,0.568,1.4229,0.6887,1.1625
mlp_1x512_bs256_sgd_lr0_0005,39,sgd,256,0.0005,0.5733,1.4191,0.6953,1.1529
mlp_1x512_bs256_sgd_lr0_0005,40,sgd,256,0.0005,0.5795,1.4052,0.702,1.1377
mlp_1x512_bs256_sgd_lr0_0005,41,sgd,256,0.0005,0.5838,1.3834,0.7067,1.1248
mlp_1x512_bs256_sgd_lr0_0005,42,sgd,256,0.0005,0.5915,1.3742,0.706,1.1172
mlp_1x512_bs256_sgd_lr0_0005,43,sgd,256,0.0005,0.5869,1.3706,0.7087,1.1057
mlp_1x512_bs256_sgd_lr0_0005,44,sgd,256,0.0005,0.5907,1.361,0.7127,1.0944
mlp_1x512_bs256_sgd_lr0_0005,45,sgd,256,0.0005,0.5876,1.3555,0.7147,1.0831
mlp_1x512_bs256_sgd_lr0_0005,46,sgd,256,0.0005,0.5987,1.3357,0.7147,1.0751
mlp_1x512_bs256_sgd_lr0_0005,47,sgd,256,0.0005,0.6021,1.3239,0.72,1.0648
mlp_1x512_bs256_sgd_lr0_0005,48,sgd,256,0.0005,0.603,1.3202,0.7193,1.0582
mlp_1x512_bs256_sgd_lr0_0005,49,sgd,256,0.0005,0.608,1.3026,0.7247,1.0453
mlp_1x512_bs256_sgd_lr0_0005,50,sgd,256,0.0005,0.6101,1.3107,0.726,1.0377
mlp_3x512-256-128_bs32_adam_lr0_01,1,adam,32,0.01,0.3088,2.0976,0.5427,1.4072
mlp_3x512-256-128_bs32_adam_lr0_01,2,adam,32,0.01,0.3815,1.8427,0.5747,1.3571
mlp_3x512-256-128_bs32_adam_lr0_01,3,adam,32,0.01,0.3873,1.8126,0.568,1.3004
mlp_3x512-256-128_bs32_adam_lr0_01,4,adam,32,0.01,0.4006,1.7904,0.586,1.3089
mlp_3x512-256-128_bs32_adam_lr0_01,5,adam,32,0.01,0.3947,1.79,0.5787,1.3261
mlp_3x512-256-128_bs32_adam_lr0_01,6,adam,32,0.01,0.3965,1.8128,0.5593,1.4028
mlp_3x512-256-128_bs32_adam_lr0_01,7,adam,32,0.01,0.4017,1.8054,0.588,1.2726
mlp_3x512-256-128_bs32_adam_lr0_01,8,adam,32,0.01,0.4035,1.7897,0.5893,1.2883
mlp_3x512-256-128_bs32_adam_lr0_01,9,adam,32,0.01,0.4069,1.7961,0.5533,1.343
mlp_3x512-256-128_bs32_adam_lr0_01,10,adam,32,0.01,0.4007,1.7894,0.5873,1.2559
mlp_3x512-256-128_bs32_adam_lr0_01,11,adam,32,0.01,0.3926,1.8177,0.566,1.2724
mlp_3x512-256-128_bs32_adam_lr0_01,12,adam,32,0.01,0.3935,1.7946,0.5733,1.2418
mlp_3x512-256-128_bs32_adam_lr0_01,13,adam,32,0.01,0.3981,1.7962,0.5827,1.2951
mlp_3x512-256-128_bs32_sgd_lr0_01,1,sgd,32,0.01,0.2789,2.1702,0.5633,1.3697
mlp_3x512-256-128_bs32_sgd_lr0_01,2,sgd,32,0.01,0.4178,1.7321,0.64,1.1155
mlp_3x512-256-128_bs32_sgd_lr0_01,3,sgd,32,0.01,0.466,1.5784,0.6893,0.9527
mlp_3x512-256-128_bs32_sgd_lr0_01,4,sgd,32,0.01,0.4999,1.4769,0.7093,0.8609
mlp_3x512-256-128_bs32_sgd_lr0_01,5,sgd,32,0.01,0.5222,1.4058,0.744,0.8132
mlp_3x512-256-128_bs32_sgd_lr0_01,6,sgd,32,0.01,0.5497,1.3214,0.7667,0.731
mlp_3x512-256-128_bs32_sgd_lr0_01,7,sgd,32,0.01,0.5657,1.2654,0.7853,0.6766
mlp_3x512-256-128_bs32_sgd_lr0_01,8,sgd,32,0.01,0.5847,1.2179,0.7787,0.6504
mlp_3x512-256-128_bs32_sgd_lr0_01,9,sgd,32,0.01,0.5964,1.1864,0.7987,0.6178
mlp_3x512-256-128_bs32_sgd_lr0_01,10,sgd,32,0.01,0.6091,1.1496,0.8073,0.5678
mlp_3x512-256-128_bs32_sgd_lr0_01,11,sgd,32,0.01,0.6219,1.1152,0.8313,0.5571
mlp_3x512-256-128_bs32_sgd_lr0_01,12,sgd,32,0.01,0.6177,1.1164,0.822,0.5462
mlp_3x512-256-128_bs32_sgd_lr0_01,13,sgd,32,0.01,0.6258,1.0861,0.8273,0.5285
mlp_3x512-256-128_bs32_sgd_lr0_01,14,sgd,32,0.01,0.6378,1.0426,0.8253,0.5058
mlp_3x512-256-128_bs32_sgd_lr0_01,15,sgd,32,0.01,0.6408,1.0459,0.8387,0.4905
mlp_3x512-256-128_bs32_sgd_lr0_01,16,sgd,32,0.01,0.6509,1.0274,0.82,0.5093
mlp_3x512-256-128_bs32_sgd_lr0_01,17,sgd,32,0.01,0.6622,0.9946,0.858,0.4584
mlp_3x512-256-128_bs32_sgd_lr0_01,18,sgd,32,0.01,0.6662,0.9701,0.8547,0.4572
mlp_3x512-256-128_bs32_sgd_lr0_01,19,sgd,32,0.01,0.6678,0.9674,0.8653,0.4305
mlp_3x512-256-128_bs32_sgd_lr0_01,20,sgd,32,0.01,0.6726,0.9578,0.8627,0.425
mlp_3x512-256-128_bs32_sgd_lr0_01,21,sgd,32,0.01,0.6739,0.9395,0.8627,0.4168
mlp_3x512-256-128_bs32_sgd_lr0_01,22,sgd,32,0.01,0.6762,0.9451,0.8607,0.4133
mlp_3x512-256-128_bs32_sgd_lr0_01,23,sgd,32,0.01,0.6767,0.9311,0.8667,0.4092
mlp_3x512-256-128_bs32_sgd_lr0_01,24,sgd,32,0.01,0.6893,0.9142,0.8787,0.3885
mlp_3x512-256-128_bs32_sgd_lr0_01,25,sgd,32,0.01,0.6902,0.9152,0.8853,0.3829
mlp_3x512-256-128_bs32_sgd_lr0_01,26,sgd,32,0.01,0.6924,0.9053,0.8787,0.4016
mlp_3x512-256-128_bs32_sgd_lr0_01,27,sgd,32,0.01,0.6896,0.8964,0.8847,0.389
mlp_3x512-256-128_bs32_sgd_lr0_01,28,sgd,32,0.01,0.7003,0.8877,0.894,0.3584
mlp_3x512-256-128_bs32_sgd_lr0_01,29,sgd,32,0.01,0.6977,0.8831,0.8893,0.358
mlp_3x512-256-128_bs32_sgd_lr0_01,30,sgd,32,0.01,0.7049,0.8779,0.8953,0.3625
mlp_3x512-256-128_bs32_sgd_lr0_01,31,sgd,32,0.01,0.6991,0.8903,0.8847,0.3787
mlp_3x512-256-128_bs32_sgd_lr0_01,32,sgd,32,0.01,0.7106,0.8654,0.8927,0.3491
mlp_3x512-256-128_bs32_sgd_lr0_01,33,sgd,32,0.01,0.7043,0.856,0.892,0.3499
mlp_3x512-256-128_bs32_sgd_lr0_01,34,sgd,32,0.01,0.7126,0.8468,0.8907,0.3519
mlp_3x512-256-128_bs32_sgd_lr0_01,35,sgd,32,0.01,0.7157,0.8348,0.8907,0.3464
mlp_3x512-256-128_bs32_adam_lr0_001,1,adam,32,0.001,0.3002,2.1594,0.5747,1.3859
mlp_3x512-256-128_bs32_adam_lr0_001,2,adam,32,0.001,0.4471,1.6753,0.648,1.0998
mlp_3x512-256-128_bs32_adam_lr0_001,3,adam,32,0.001,0.5042,1.5008,0.6993,0.9412
mlp_3x512-256-128_bs32_adam_lr0_001,4,adam,32,0.001,0.5417,1.3859,0.7473,0.8078
mlp_3x512-256-128_bs32_adam_lr0_001,5,adam,32,0.001,0.5556,1.3209,0.772,0.7385
mlp_3x512-256-128_bs32_adam_lr0_001,6,adam,32,0.001,0.5795,1.2423,0.7833,0.7049
mlp_3x512-256-128_bs32_adam_lr0_001,7,adam,32,0.001,0.5978,1.2108,0.8047,0.6416
mlp_3x512-256-128_bs32_adam_lr0_001,8,adam,32,0.001,0.6098,1.1583,0.8127,0.5914
mlp_3x512-256-128_bs32_adam_lr0_001,9,adam,32,0.001,0.6179,1.1196,0.8293,0.559
mlp_3x512-256-128_bs32_adam_lr0_001,10,adam,32,0.001,0.6193,1.1197,0.8287,0.5529
mlp_3x512-256-128_bs32_adam_lr0_001,11,adam,32,0.001,0.6292,1.089,0.8347,0.5414
mlp_3x512-256-128_bs32_adam_lr0_001,12,adam,32,0.001,0.6451,1.0537,0.836,0.5246
mlp_3x512-256-128_bs32_adam_lr0_001,13,adam,32,0.001,0.6442,1.0528,0.8393,0.5066
mlp_3x512-256-128_bs32_adam_lr0_001,14,adam,32,0.001,0.6439,1.0461,0.85,0.4907
mlp_3x512-256-128_bs32_adam_lr0_001,15,adam,32,0.001,0.6537,1.0223,0.8453,0.4869
mlp_3x512-256-128_bs32_adam_lr0_001,16,adam,32,0.001,0.6611,1.0067,0.8473,0.4634
mlp_3x512-256-128_bs32_adam_lr0_001,17,adam,32,0.001,0.6616,1.012,0.844,0.4914
mlp_3x512-256-128_bs32_adam_lr0_001,18,adam,32,0.001,0.6727,0.9717,0.8487,0.4577
mlp_3x512-256-128_bs32_adam_lr0_001,19,adam,32,0.001,0.6673,0.9899,0.862,0.4561
mlp_3x512-256-128_bs32_adam_lr0_001,20,adam,32,0.001,0.6753,0.9664,0.8693,0.4343
mlp_3x512-256-128_bs32_adam_lr0_001,21,adam,32,0.001,0.6703,0.9637,0.8573,0.4443
mlp_3x512-256-128_bs32_adam_lr0_001,22,adam,32,0.001,0.6761,0.9448,0.8707,0.4234
mlp_3x512-256-128_bs32_adam_lr0_001,23,adam,32,0.001,0.6757,0.9481,0.8747,0.4244
mlp_3x512-256-128_bs32_adam_lr0_001,24,adam,32,0.001,0.6777,0.9412,0.8853,0.4055
mlp_3x512-256-128_bs32_adam_lr0_001,25,adam,32,0.001,0.6845,0.9323,0.878,0.4172
mlp_3x512-256-128_bs32_adam_lr0_001,26,adam,32,0.001,0.6913,0.9251,0.8693,0.4195
mlp_3x512-256-128_bs32_adam_lr0_001,27,adam,32,0.001,0.687,0.9139,0.8813,0.4007
mlp_3x512-256-128_bs32_adam_lr0_001,28,adam,32,0.001,0.6805,0.9277,0.8713,0.4076
mlp_3x512-256-128_bs32_adam_lr0_001,29,adam,32,0.001,0.689,0.9255,0.8673,0.4151
mlp_3x512-256-128_bs32_sgd_lr0_001,1,sgd,32,0.001,0.1513,2.5864,0.3453,2.2178
mlp_3x512-256-128_bs32_sgd_lr0_001,2,sgd,32,0.001,0.2586,2.2672,0.4353,1.9128
mlp_3x512-256-128_bs32_sgd_lr0_001,3,sgd,32,0.001,0.3219,2.0845,0.4927,1.694
mlp_3x512-256-128_bs32_sgd_lr0_001,4,sgd,32,0.001,0.3633,1.9437,0.5413,1.4932
mlp_3x512-256-128_bs32_sgd_lr0_001,5,sgd,32,0.001,0.4041,1.8053,0.5987,1.3335
mlp_3x512-256-128_bs32_sgd_lr0_001,6,sgd,32,0.001,0.4341,1.7107,0.6227,1.2177
mlp_3x512-256-128_bs32_sgd_lr0_001,7,sgd,32,0.001,0.4617,1.6333,0.648,1.1185
mlp_3x512-256-128_bs32_sgd_lr0_001,8,sgd,32,0.001,0.4649,1.588,0.6893,1.0624
mlp_3x512-256-128_bs32_sgd_lr0_001,9,sgd,32,0.001,0.4844,1.5216,0.6827,0.9902
mlp_3x512-256-128_bs32_sgd_lr0_001,10,sgd,32,0.001,0.5017,1.4792,0.698,0.9409
mlp_3x512-256-128_bs32_sgd_lr0_001,11,sgd,32,0.001,0.5257,1.4205,0.738,0.8837
mlp_3x512-256-128_bs32_sgd_lr0_001,12,sgd,32,0.001,0.5307,1.4003,0.744,0.8269
mlp_3x512-256-128_bs32_sgd_lr0_001,13,sgd,32,0.001,0.5396,1.3661,0.758,0.8002
mlp_3x512-256-128_bs32_sgd_lr0_001,14,sgd,32,0.001,0.556,1.3369,0.7667,0.7721
mlp_3x512-256-128_bs32_sgd_lr0_001,15,sgd,32,0.001,0.5563,1.3099,0.758,0.7574
mlp_3x512-256-128_bs32_sgd_lr0_001,16,sgd,32,0.001,0.5637,1.2951,0.786,0.7144
mlp_3x512-256-128_bs32_sgd_lr0_001,17,sgd,32,0.001,0.5735,1.2768,0.79,0.6986
mlp_3x512-256-128_bs32_sgd_lr0_001,18,sgd,32,0.001,0.5816,1.2533,0.7987,0.6818
mlp_3x512-256-128_bs32_sgd_lr0_001,19,sgd,32,0.001,0.5807,1.2277,0.7893,0.6768
mlp_3x512-256-128_bs32_sgd_lr0_001,20,sgd,32,0.001,0.5904,1.2158,0.8053,0.6459
mlp_3x512-256-128_bs32_sgd_lr0_001,21,sgd,32,0.001,0.6022,1.19,0.8193,0.631
mlp_3x512-256-128_bs32_sgd_lr0_001,22,sgd,32,0.001,0.6038,1.1792,0.818,0.6075
mlp_3x512-256-128_bs32_sgd_lr0_001,23,sgd,32,0.001,0.6073,1.1589,0.8167,0.5953
mlp_3x512-256-128_bs32_sgd_lr0_001,24,sgd,32,0.001,0.6136,1.1548,0.8233,0.5871
mlp_3x512-256-128_bs32_sgd_lr0_001,25,sgd,32,0.001,0.6118,1.1361,0.8167,0.5858
mlp_3x512-256-128_bs32_sgd_lr0_001,26,sgd,32,0.001,0.6238,1.1144,0.8173,0.5754
mlp_3x512-256-128_bs32_sgd_lr0_001,27,sgd,32,0.001,0.6288,1.1118,0.8267,0.5557
mlp_3x512-256-128_bs32_sgd_lr0_001,28,sgd,32,0.001,0.6354,1.0832,0.832,0.5422
mlp_3x512-256-128_bs32_sgd_lr0_001,29,sgd,32,0.001,0.6308,1.0894,0.8207,0.5495
mlp_3x512-256-128_bs32_sgd_lr0_001,30,sgd,32,0.001,0.635,1.0808,0.8413,0.5278
mlp_3x512-256-128_bs32_sgd_lr0_001,31,sgd,32,0.001,0.6334,1.0767,0.8553,0.5098
mlp_3x512-256-128_bs32_sgd_lr0_001,32,sgd,32,0.001,0.6383,1.0716,0.85,0.5082
mlp_3x512-256-128_bs32_sgd_lr0_001,33,sgd,32,0.001,0.6387,1.0591,0.846,0.5097
mlp_3x512-256-128_bs32_sgd_lr0_001,34,sgd,32,0.001,0.6468,1.0377,0.8533,0.4865
mlp_3x512-256-128_bs32_sgd_lr0_001,35,sgd,32,0.001,0.6525,1.0316,0.8587,0.4849
mlp_3x512-256-128_bs32_sgd_lr0_001,36,sgd,32,0.001,0.6489,1.0369,0.8553,0.4857
mlp_3x512-256-128_bs32_sgd_lr0_001,37,sgd,32,0.001,0.6541,1.0191,0.852,0.48
mlp_3x512-256-128_bs32_sgd_lr0_001,38,sgd,32,0.001,0.6603,1.0,0.8553,0.4731
mlp_3x512-256-128_bs32_sgd_lr0_001,39,sgd,32,0.001,0.6558,1.0123,0.8607,0.4566
mlp_3x512-256-128_bs32_sgd_lr0_001,40,sgd,32,0.001,0.665,0.9902,0.8607,0.4654
mlp_3x512-256-128_bs32_sgd_lr0_001,41,sgd,32,0.001,0.6643,0.9903,0.8647,0.449
mlp_3x512-256-128_bs32_sgd_lr0_001,42,sgd,32,0.001,0.6668,0.9812,0.8687,0.4309
mlp_3x512-256-128_bs32_sgd_lr0_001,43,sgd,32,0.001,0.6689,0.9767,0.8687,0.4322
mlp_3x512-256-128_bs32_sgd_lr0_001,44,sgd,32,0.001,0.6761,0.9535,0.8587,0.4538
mlp_3x512-256-128_bs32_sgd_lr0_001,45,sgd,32,0.001,0.6753,0.9658,0.862,0.4432
mlp_3x512-256-128_bs32_sgd_lr0_001,46,sgd,32,0.001,0.6634,0.9688,0.8753,0.4278
mlp_3x512-256-128_bs32_sgd_lr0_001,47,sgd,32,0.001,0.675,0.9439,0.864,0.415
mlp_3x512-256-128_bs32_sgd_lr0_001,48,sgd,32,0.001,0.6793,0.9494,0.8713,0.4159
mlp_3x512-256-128_bs32_sgd_lr0_001,49,sgd,32,0.001,0.6741,0.9535,0.8707,0.4201
mlp_3x512-256-128_bs32_sgd_lr0_001,50,sgd,32,0.001,0.6891,0.9178,0.8807,0.4019
mlp_3x512-256-128_bs32_adam_lr0_0005,1,adam,32,0.0005,0.2431,2.3274,0.4807,1.7436
mlp_3x512-256-128_bs32_adam_lr0_0005,2,adam,32,0.0005,0.3912,1.8729,0.61,1.2925
mlp_3x512-256-128_bs32_adam_lr0_0005,3,adam,32,0.0005,0.4605,1.6331,0.668,1.0692
mlp_3x512-256-128_bs32_adam_lr0_0005,4,adam,32,0.0005,0.4986,1.4937,0.7247,0.9098
mlp_3x512-256-128_bs32_adam_lr0_0005,5,adam,32,0.0005,0.5349,1.3953,0.758,0.8286
mlp_3x512-256-128_bs32_adam_lr0_0005,6,adam,32,0.0005,0.547,1.3384,0.762,0.7612
mlp_3x512-256-128_bs32_adam_lr0_0005,7,adam,32,0.0005,0.5725,1.2705,0.7887,0.6822
mlp_3x512-256-128_bs32_adam_lr0_0005,8,adam,32,0.0005,0.5895,1.214,0.802,0.6534
mlp_3x512-256-128_bs32_adam_lr0_0005,9,adam,32,0.0005,0.6038,1.1659,0.8293,0.6082
mlp_3x512-256-128_bs32_adam_lr0_0005,10,adam,32,0.0005,0.6137,1.1411,0.8253,0.5771
mlp_3x512-256-128_bs32_adam_lr0_0005,11,adam,32,0.0005,0.6248,1.1159,0.826,0.563
mlp_3x512-256-128_bs32_adam_lr0_0005,12,adam,32,0.0005,0.6339,1.0835,0.832,0.5569
mlp_3x512-256-128_bs32_adam_lr0_0005,13,adam,32,0.0005,0.6409,1.0499,0.846,0.529
mlp_3x512-256-128_bs32_adam_lr0_0005,14,adam,32,0.0005,0.6476,1.0401,0.8487,0.5178
mlp_3x512-256-128_bs32_adam_lr0_0005,15,adam,32,0.0005,0.6558,1.014,0.8553,0.5048
mlp_3x512-256-128_bs32_adam_lr0_0005,16,adam,32,0.0005,0.6602,1.0082,0.8613,0.4805
mlp_3x512-256-128_bs32_adam_lr0_0005,17,adam,32,0.0005,0.6622,0.9993,0.8653,0.4746
mlp_3x512-256-128_bs32_adam_lr0_0005,18,adam,32,0.0005,0.6648,0.9805,0.8653,0.4585
mlp_3x512-256-128_bs32_adam_lr0_0005,19,adam,32,0.0005,0.6717,0.9577,0.862,0.4428
mlp_3x512-256-128_bs32_adam_lr0_0005,20,adam,32,0.0005,0.6765,0.9466,0.872,0.43
mlp_3x512-256-128_bs32_adam_lr0_0005,21,adam,32,0.0005,0.6736,0.9458,0.8667,0.4296
mlp_3x512-256-128_bs32_adam_lr0_0005,22,adam,32,0.0005,0.6847,0.9268,0.8733,0.4278
mlp_3x512-256-128_bs32_adam_lr0_0005,23,adam,32,0.0005,0.6993,0.8997,0.8747,0.4097
mlp_3x512-256-128_bs32_adam_lr0_0005,24,adam,32,0.0005,0.6916,0.9081,0.8893,0.3853
mlp_3x512-256-128_bs32_adam_lr0_0005,25,adam,32,0.0005,0.6887,0.9065,0.878,0.401
mlp_3x512-256-128_bs32_adam_lr0_0005,26,adam,32,0.0005,0.7063,0.8737,0.876,0.3903
mlp_3x512-256-128_bs32_adam_lr0_0005,27,adam,32,0.0005,0.6934,0.896,0.894,0.3846
mlp_3x512-256-128_bs32_adam_lr0_0005,28,adam,32,0.0005,0.7037,0.8686,0.8847,0.3738
mlp_3x512-256-128_bs32_adam_lr0_0005,29,adam,32,0.0005,0.7145,0.8515,0.8833,0.3679
mlp_3x512-256-128_bs32_adam_lr0_0005,30,adam,32,0.0005,0.7143,0.8469,0.8853,0.3643
mlp_3x512-256-128_bs32_adam_lr0_0005,31,adam,32,0.0005,0.7157,0.8458,0.8847,0.3718
mlp_3x512-256-128_bs32_adam_lr0_0005,32,adam,32,0.0005,0.708,0.8597,0.8893,0.3575
mlp_3x512-256-128_bs32_sgd_lr0_0005,1,sgd,32,0.0005,0.1251,2.6642,0.286,2.3583
mlp_3x512-256-128_bs32_sgd_lr0_0005,2,sgd,32,0.0005,0.207,2.4268,0.3493,2.1617
mlp_3x512-256-128_bs32_sgd_lr0_0005,3,sgd,32,0.0005,0.247,2.2836,0.4047,1.9926
mlp_3x512-256-128_bs32_sgd_lr0_0005,4,sgd,32,0.0005,0.2921,2.1725,0.45,1.8392
mlp_3x512-256-128_bs32_sgd_lr0_0005,5,sgd,32,0.0005,0.3288,2.0734,0.4933,1.715
mlp_3x512-256-128_bs32_sgd_lr0_0005,6,sgd,32,0.0005,0.3509,1.9869,0.5273,1.5942
mlp_3x512-256-128_bs32_sgd_lr0_0005,7,sgd,32,0.0005,0.371,1.9116,0.5507,1.4872
mlp_3x512-256-128_bs32_sgd_lr0_0005,8,sgd,32,0.0005,0.3991,1.8308,0.58,1.3945
mlp_3x512-256-128_bs32_sgd_lr0_0005,9,sgd,32,0.0005,0.4183,1.7694,0.6153,1.3311
mlp_3x512-256-128_bs32_sgd_lr0_0005,10,sgd,32,0.0005,0.441,1.7007,0.6373,1.2203
mlp_3x512-256-128_bs32_sgd_lr0_0005,11,sgd,32,0.0005,0.4479,1.6613,0.6433,1.1688
mlp_3x512-256-128_bs32_sgd_lr0_0005,12,sgd,32,0.0005,0.4596,1.6337,0.666,1.1214
mlp_3x512-256-128_bs32_sgd_lr0_0005,13,sgd,32,0.0005,0.4766,1.5724,0.68,1.0739
mlp_3x512-256-128_bs32_sgd_lr0_0005,14,sgd,32,0.0005,0.4888,1.5376,0.688,1.0315
mlp_3x512-256-128_bs32_sgd_lr0_0005,15,sgd,32,0.0005,0.4933,1.5152,0.7147,0.9794
mlp_3x512-256-128_bs32_sgd_lr0_0005,16,sgd,32,0.0005,0.5045,1.4763,0.7167,0.9522
mlp_3x512-256-128_bs32_sgd_lr0_0005,17,sgd,32,0.0005,0.5118,1.4702,0.7293,0.9169
mlp_3x512-256-128_bs32_sgd_lr0_0005,18,sgd,32,0.0005,0.5233,1.442,0.7433,0.8895
mlp_3x512-256-128_bs32_sgd_lr0_0005,19,sgd,32,0.0005,0.5229,1.4197,0.7353,0.88
mlp_3x512-256-128_bs32_sgd_lr0_0005,20,sgd,32,0.0005,0.5336,1.3825,0.7473,0.8463
mlp_3x512-256-128_bs32_sgd_lr0_0005,21,sgd,32,0.0005,0.5337,1.3687,0.7487,0.8197
mlp_3x512-256-128_bs32_sgd_lr0_0005,22,sgd,32,0.0005,0.5423,1.3563,0.7653,0.7998
mlp_3x512-256-128_bs32_sgd_lr0_0005,23,sgd,32,0.0005,0.5458,1.3436,0.78,0.7586
mlp_3x512-256-128_bs32_sgd_lr0_0005,24,sgd,32,0.0005,0.5609,1.3116,0.7767,0.7682
mlp_3x512-256-128_bs32_sgd_lr0_0005,25,sgd,32,0.0005,0.5583,1.3019,0.788,0.7317
mlp_3x512-256-128_bs32_sgd_lr0_0005,26,sgd,32,0.0005,0.5664,1.2774,0.792,0.7108
mlp_3x512-256-128_bs32_sgd_lr0_0005,27,sgd,32,0.0005,0.567,1.2723,0.7953,0.7037
mlp_3x512-256-128_bs32_sgd_lr0_0005,28,sgd,32,0.0005,0.5728,1.254,0.8,0.6857
mlp_3x512-256-128_bs32_sgd_lr0_0005,29,sgd,32,0.0005,0.5837,1.2379,0.802,0.6711
mlp_3x512-256-128_bs32_sgd_lr0_0005,30,sgd,32,0.0005,0.5828,1.222,0.8133,0.6542
mlp_3x512-256-128_bs32_sgd_lr0_0005,31,sgd,32,0.0005,0.5898,1.2121,0.81,0.6459
mlp_3x512-256-128_bs32_sgd_lr0_0005,32,sgd,32,0.0005,0.587,1.2025,0.8127,0.6275
mlp_3x512-256-128_bs32_sgd_lr0_0005,33,sgd,32,0.0005,0.5982,1.2021,0.8193,0.6324
mlp_3x512-256-128_bs32_sgd_lr0_0005,34,sgd,32,0.0005,0.5977,1.1885,0.8253,0.6163
mlp_3x512-256-128_bs32_sgd_lr0_0005,35,sgd,32,0.0005,0.6017,1.1842,0.816,0.605
mlp_3x512-256-128_bs32_sgd_lr0_0005,36,sgd,32,0.0005,0.6089,1.1596,0.8193,0.6052
mlp_3x512-256-128_bs32_sgd_lr0_0005,37,sgd,32,0.0005,0.6019,1.1723,0.8247,0.6084
mlp_3x512-256-128_bs32_sgd_lr0_0005,38,sgd,32,0.0005,0.613,1.1479,0.8293,0.5918
mlp_3x512-256-128_bs32_sgd_lr0_0005,39,sgd,32,0.0005,0.6154,1.1258,0.8227,0.5894
mlp_3x512-256-128_bs32_sgd_lr0_0005,40,sgd,32,0.0005,0.6151,1.1273,0.8233,0.5792
mlp_3x512-256-128_bs32_sgd_lr0_0005,41,sgd,32,0.0005,0.6184,1.1222,0.8307,0.5658
mlp_3x512-256-128_bs32_sgd_lr0_0005,42,sgd,32,0.0005,0.6122,1.1383,0.842,0.5656
mlp_3x512-256-128_bs32_sgd_lr0_0005,43,sgd,32,0.0005,0.6239,1.1051,0.8353,0.5609
mlp_3x512-256-128_bs32_sgd_lr0_0005,44,sgd,32,0.0005,0.625,1.1143,0.8307,0.5575
mlp_3x512-256-128_bs32_sgd_lr0_0005,45,sgd,32,0.0005,0.6279,1.0948,0.8413,0.5308
mlp_3x512-256-128_bs32_sgd_lr0_0005,46,sgd,32,0.0005,0.6293,1.0856,0.8427,0.5375
mlp_3x512-256-128_bs32_sgd_lr0_0005,47,sgd,32,0.0005,0.6312,1.08,0.8447,0.5342
mlp_3x512-256-128_bs32_sgd_lr0_0005,48,sgd,32,0.0005,0.6268,1.0845,0.8393,0.5281
mlp_3x512-256-128_bs32_sgd_lr0_0005,49,sgd,32,0.0005,0.6382,1.0638,0.846,0.5211
mlp_3x512-256-128_bs32_sgd_lr0_0005,50,sgd,32,0.0005,0.6334,1.0668,0.848,0.5161
mlp_3x512-256-128_bs256_adam_lr0_01,1,adam,256,0.01,0.3069,2.0868,0.5353,1.3276
mlp_3x512-256-128_bs256_adam_lr0_01,2,adam,256,0.01,0.467,1.5694,0.652,1.0426
mlp_3x512-256-128_bs256_adam_lr0_01,3,adam,256,0.01,0.5188,1.4022,0.6993,0.8826
mlp_3x512-256-128_bs256_adam_lr0_01,4,adam,256,0.01,0.554,1.2947,0.7473,0.7787
mlp_3x512-256-128_bs256_adam_lr0_01,5,adam,256,0.01,0.582,1.2231,0.7507,0.7324
mlp_3x512-256-128_bs256_adam_lr0_01,6,adam,256,0.01,0.5955,1.1753,0.764,0.7001
mlp_3x512-256-128_bs256_adam_lr0_01,7,adam,256,0.01,0.5985,1.175,0.7727,0.6788
mlp_3x512-256-128_bs256_adam_lr0_01,8,adam,256,0.01,0.6078,1.1349,0.7853,0.6461
mlp_3x512-256-128_bs256_adam_lr0_01,9,adam,256,0.01,0.6104,1.1389,0.774,0.671
mlp_3x512-256-128_bs256_adam_lr0_01,10,adam,256,0.01,0.6079,1.1448,0.7653,0.6828
mlp_3x512-256-128_bs256_adam_lr0_01,11,adam,256,0.01,0.6147,1.1156,0.776,0.6483
mlp_3x512-256-128_bs256_adam_lr0_01,12,adam,256,0.01,0.6148,1.1196,0.7913,0.6561
mlp_3x512-256-128_bs256_adam_lr0_01,13,adam,256,0.01,0.6206,1.1182,0.782,0.6469
mlp_3x512-256-128_bs256_adam_lr0_01,14,adam,256,0.01,0.6221,1.1023,0.798,0.6219
mlp_3x512-256-128_bs256_adam_lr0_01,15,adam,256,0.01,0.6207,1.0914,0.8073,0.6149
mlp_3x512-256-128_bs256_adam_lr0_01,16,adam,256,0.01,0.6341,1.082,0.7893,0.6324
mlp_3x512-256-128_bs256_adam_lr0_01,17,adam,256,0.01,0.6184,1.0977,0.808,0.5963
mlp_3x512-256-128_bs256_adam_lr0_01,18,adam,256,0.01,0.6212,1.0987,0.792,0.6174
mlp_3x512-256-128_bs256_adam_lr0_01,19,adam,256,0.01,0.6212,1.0922,0.8053,0.5992
mlp_3x512-256-128_bs256_adam_lr0_01,20,adam,256,0.01,0.6373,1.0723,0.8047,0.6002
mlp_3x512-256-128_bs256_adam_lr0_01,21,adam,256,0.01,0.6225,1.1027,0.8093,0.6032
mlp_3x512-256-128_bs256_adam_lr0_01,22,adam,256,0.01,0.6262,1.0948,0.8187,0.5915
mlp_3x512-256-128_bs256_adam_lr0_01,23,adam,256,0.01,0.635,1.0661,0.8007,0.5937
mlp_3x512-256-128_bs256_adam_lr0_01,24,adam,256,0.01,0.6299,1.0897,0.8027,0.6087
mlp_3x512-256-128_bs256_adam_lr0_01,25,adam,256,0.01,0.6346,1.0715,0.8087,0.6007
mlp_3x512-256-128_bs256_adam_lr0_01,26,adam,256,0.01,0.6298,1.082,0.8207,0.598
mlp_3x512-256-128_bs256_adam_lr0_01,27,adam,256,0.01,0.6319,1.0739,0.804,0.6155
mlp_3x512-256-128_bs256_adam_lr0_01,28,adam,256,0.01,0.6272,1.0915,0.8013,0.6063
mlp_3x512-256-128_bs256_adam_lr0_01,29,adam,256,0.01,0.6351,1.0787,0.8107,0.5674
mlp_3x512-256-128_bs256_adam_lr0_01,30,adam,256,0.01,0.6262,1.0978,0.7927,0.6385
mlp_3x512-256-128_bs256_adam_lr0_01,31,adam,256,0.01,0.6324,1.0826,0.8027,0.6095
mlp_3x512-256-128_bs256_sgd_lr0_01,1,sgd,256,0.01,0.1384,2.6082,0.1927,2.4539
mlp_3x512-256-128_bs256_sgd_lr0_01,2,sgd,256,0.01,0.26,2.2567,0.4153,1.9042
mlp_3x512-256-128_bs256_sgd_lr0_01,3,sgd,256,0.01,0.3427,2.022,0.4927,1.6293
mlp_3x512-256-128_bs256_sgd_lr0_01,4,sgd,256,0.01,0.3945,1.8425,0.5613,1.4026
mlp_3x512-256-128_bs256_sgd_lr0_01,5,sgd,256,0.01,0.4452,1.6825,0.61,1.2421
mlp_3x512-256-128_bs256_sgd_lr0_01,6,sgd,256,0.01,0.4773,1.5638,0.6773,1.0689
mlp_3x512-256-128_bs256_sgd_lr0_01,7,sgd,256,0.01,0.5069,1.4719,0.696,0.9813
mlp_3x512-256-128_bs256_sgd_lr0_01,8,sgd,256,0.01,0.5232,1.4122,0.714,0.9053
mlp_3x512-256-128_bs256_sgd_lr0_01,9,sgd,256,0.01,0.5407,1.3585,0.7467,0.8415
mlp_3x512-256-128_bs256_sgd_lr0_01,10,sgd,256,0.01,0.5632,1.291,0.7613,0.7811
mlp_3x512-256-128_bs256_sgd_lr0_01,11,sgd,256,0.01,0.5707,1.268,0.7767,0.7416
mlp_3x512-256-128_bs256_sgd_lr0_01,12,sgd,256,0.01,0.5806,1.2244,0.7907,0.7093
mlp_3x512-256-128_bs256_sgd_lr0_01,13,sgd,256,0.01,0.5988,1.1884,0.79,0.6795
mlp_3x512-256-128_bs256_sgd_lr0_01,14,sgd,256,0.01,0.603,1.1573,0.7927,0.6538
mlp_3x512-256-128_bs256_sgd_lr0_01,15,sgd,256,0.01,0.6128,1.126,0.8047,0.6271
mlp_3x512-256-128_bs256_sgd_lr0_01,16,sgd,256,0.01,0.6203,1.096,0.8113,0.6029
mlp_3x512-256-128_bs256_sgd_lr0_01,17,sgd,256,0.01,0.6359,1.0701,0.808,0.5877
mlp_3x512-256-128_bs256_sgd_lr0_01,18,sgd,256,0.01,0.6302,1.056,0.822,0.5671
mlp_3x512-256-128_bs256_sgd_lr0_01,19,sgd,256,0.01,0.6491,1.0263,0.828,0.5382
mlp_3x512-256-128_bs256_sgd_lr0_01,20,sgd,256,0.01,0.6562,1.0001,0.8313,0.5321
mlp_3x512-256-128_bs256_sgd_lr0_01,21,sgd,256,0.01,0.6611,0.9929,0.8287,0.511
mlp_3x512-256-128_bs256_sgd_lr0_01,22,sgd,256,0.01,0.6659,0.9756,0.8313,0.5005
mlp_3x512-256-128_bs256_sgd_lr0_01,23,sgd,256,0.01,0.669,0.961,0.8387,0.4896
mlp_3x512-256-128_bs256_sgd_lr0_01,24,sgd,256,0.01,0.6728,0.9497,0.8547,0.4773
mlp_3x512-256-128_bs256_sgd_lr0_01,25,sgd,256,0.01,0.6787,0.9222,0.8487,0.4704
mlp_3x512-256-128_bs256_sgd_lr0_01,26,sgd,256,0.01,0.6837,0.9187,0.8547,0.4567
mlp_3x512-256-128_bs256_sgd_lr0_01,27,sgd,256,0.01,0.688,0.9189,0.858,0.447
mlp_3x512-256-128_bs256_sgd_lr0_01,28,sgd,256,0.01,0.6917,0.9009,0.86,0.4443
mlp_3x512-256-128_bs256_sgd_lr0_01,29,sgd,256,0.01,0.6945,0.8857,0.8647,0.4297
mlp_3x512-256-128_bs256_sgd_lr0_01,30,sgd,256,0.01,0.7017,0.88,0.86,0.4348
mlp_3x512-256-128_bs256_sgd_lr0_01,31,sgd,256,0.01,0.7026,0.8636,0.8673,0.4258
mlp_3x512-256-128_bs256_sgd_lr0_01,32,sgd,256,0.01,0.7056,0.8559,0.868,0.418
mlp_3x512-256-128_bs256_sgd_lr0_01,33,sgd,256,0.01,0.7023,0.8503,0.872,0.4033
mlp_3x512-256-128_bs256_sgd_lr0_01,34,sgd,256,0.01,0.7059,0.8521,0.8667,0.4123
mlp_3x512-256-128_bs256_sgd_lr0_01,35,sgd,256,0.01,0.7163,0.8281,0.882,0.3907
mlp_3x512-256-128_bs256_sgd_lr0_01,36,sgd,256,0.01,0.7168,0.8237,0.8753,0.3928
mlp_3x512-256-128_bs256_sgd_lr0_01,37,sgd,256,0.01,0.7188,0.8151,0.8787,0.3839
mlp_3x512-256-128_bs256_sgd_lr0_01,38,sgd,256,0.01,0.7167,0.8153,0.8833,0.3683
mlp_3x512-256-128_bs256_sgd_lr0_01,39,sgd,256,0.01,0.7274,0.7914,0.886,0.3622
mlp_3x512-256-128_bs256_sgd_lr0_01,40,sgd,256,0.01,0.7224,0.7976,0.874,0.3711
mlp_3x512-256-128_bs256_sgd_lr0_01,41,sgd,256,0.01,0.7288,0.7883,0.884,0.3562
mlp_3x512-256-128_bs256_sgd_lr0_01,42,sgd,256,0.01,0.7346,0.7768,0.8887,0.352
mlp_3x512-256-128_bs256_sgd_lr0_01,43,sgd,256,0.01,0.7271,0.7807,0.886,0.3572
mlp_3x512-256-128_bs256_sgd_lr0_01,44,sgd,256,0.01,0.7352,0.7715,0.8973,0.3325
mlp_3x512-256-128_bs256_sgd_lr0_01,45,sgd,256,0.01,0.7445,0.749,0.8987,0.3339
mlp_3x512-256-128_bs256_sgd_lr0_01,46,sgd,256,0.01,0.7444,0.7501,0.896,0.3319
mlp_3x512-256-128_bs256_sgd_lr0_01,47,sgd,256,0.01,0.7432,0.7464,0.896,0.335
mlp_3x512-256-128_bs256_sgd_lr0_01,48,sgd,256,0.01,0.7516,0.7273,0.8907,0.3272
mlp_3x512-256-128_bs256_sgd_lr0_01,49,sgd,256,0.01,0.7472,0.7344,0.9033,0.319
mlp_3x512-256-128_bs256_sgd_lr0_01,50,sgd,256,0.01,0.7454,0.7392,0.8987,0.3196
mlp_3x512-256-128_bs256_adam_lr0_001,1,adam,256,0.001,0.2039,2.4439,0.4133,2.1555
mlp_3x512-256-128_bs256_adam_lr0_001,2,adam,256,0.001,0.3524,2.0065,0.554,1.5183
mlp_3x512-256-128_bs256_adam_lr0_001,3,adam,256,0.001,0.451,1.7077,0.642,1.1948
mlp_3x512-256-128_bs256_adam_lr0_001,4,adam,256,0.001,0.5079,1.4961,0.694,0.9877
mlp_3x512-256-128_bs256_adam_lr0_001,5,adam,256,0.001,0.5543,1.3525,0.752,0.8312
mlp_3x512-256-128_bs256_adam_lr0_001,6,adam,256,0.001,0.5776,1.2428,0.7593,0.7491
mlp_3x512-256-128_bs256_adam_lr0_001,7,adam,256,0.001,0.5986,1.184,0.7927,0.684
mlp_3x512-256-128_bs256_adam_lr0_001,8,adam,256,0.001,0.6168,1.1216,0.7973,0.6232
mlp_3x512-256-128_bs256_adam_lr0_001,9,adam,256,0.001,0.6354,1.0631,0.8213,0.6052
mlp_3x512-256-128_bs256_adam_lr0_001,10,adam,256,0.001,0.6537,1.0196,0.8267,0.5529
mlp_3x512-256-128_bs256_adam_lr0_001,11,adam,256,0.001,0.6611,0.9893,0.8393,0.5264
mlp_3x512-256-128_bs256_adam_lr0_001,12,adam,256,0.001,0.6707,0.9665,0.8393,0.5051
mlp_3x512-256-128_bs256_adam_lr0_001,13,adam,256,0.001,0.6806,0.9359,0.8507,0.4904
mlp_3x512-256-128_bs256_adam_lr0_001,14,adam,256,0.001,0.6923,0.9099,0.8507,0.4756
mlp_3x512-256-128_bs256_adam_lr0_001,15,adam,256,0.001,0.6978,0.8748,0.8653,0.4493
mlp_3x512-256-128_bs256_adam_lr0_001,16,adam,256,0.001,0.7024,0.8665,0.8727,0.4314
mlp_3x512-256-128_bs256_adam_lr0_001,17,adam,256,0.001,0.7153,0.8345,0.8673,0.4174
mlp_3x512-256-128_bs256_adam_lr0_001,18,adam,256,0.001,0.7144,0.8211,0.8693,0.4069
mlp_3x512-256-128_bs256_adam_lr0_001,19,adam,256,0.001,0.7217,0.8094,0.882,0.3888
mlp_3x512-256-128_bs256_adam_lr0_001,20,adam,256,0.001,0.7347,0.7754,0.888,0.3796
mlp_3x512-256-128_bs256_adam_lr0_001,21,adam,256,0.001,0.7338,0.775,0.8733,0.3825
mlp_3x512-256-128_bs256_adam_lr0_001,22,adam,256,0.001,0.7373,0.7666,0.88,0.3707
mlp_3x512-256-128_bs256_adam_lr0_001,23,adam,256,0.001,0.7412,0.755,0.8887,0.3491
mlp_3x512-256-128_bs256_adam_lr0_001,24,adam,256,0.001,0.7483,0.7503,0.8867,0.3475
mlp_3x512-256-128_bs256_adam_lr0_001,25,adam,256,0.001,0.7537,0.724,0.89,0.3461
mlp_3x512-256-128_bs256_adam_lr0_001,26,adam,256,0.001,0.7544,0.7147,0.9027,0.3324
mlp_3x512-256-128_bs256_adam_lr0_001,27,adam,256,0.001,0.7592,0.7145,0.9033,0.3215
mlp_3x512-256-128_bs256_adam_lr0_001,28,adam,256,0.001,0.7612,0.6937,0.9093,0.3149
mlp_3x512-256-128_bs256_adam_lr0_001,29,adam,256,0.001,0.7672,0.6819,0.8953,0.3212
mlp_3x512-256-128_bs256_adam_lr0_001,30,adam,256,0.001,0.7684,0.677,0.9067,0.2991
mlp_3x512-256-128_bs256_adam_lr0_001,31,adam,256,0.001,0.7669,0.6768,0.9073,0.3014
mlp_3x512-256-128_bs256_adam_lr0_001,32,adam,256,0.001,0.7751,0.6597,0.906,0.2949
mlp_3x512-256-128_bs256_adam_lr0_001,33,adam,256,0.001,0.7746,0.6564,0.922,0.2775
mlp_3x512-256-128_bs256_adam_lr0_001,34,adam,256,0.001,0.7742,0.6563,0.91,0.294
mlp_3x512-256-128_bs256_adam_lr0_001,35,adam,256,0.001,0.7808,0.6436,0.908,0.2902
mlp_3x512-256-128_bs256_adam_lr0_001,36,adam,256,0.001,0.7804,0.635,0.9133,0.2771
mlp_3x512-256-128_bs256_adam_lr0_001,37,adam,256,0.001,0.7862,0.6274,0.9233,0.2772
mlp_3x512-256-128_bs256_adam_lr0_001,38,adam,256,0.001,0.7907,0.612,0.9187,0.268
mlp_3x512-256-128_bs256_adam_lr0_001,39,adam,256,0.001,0.7907,0.6182,0.9233,0.2714
mlp_3x512-256-128_bs256_adam_lr0_001,40,adam,256,0.001,0.7863,0.6245,0.924,0.2629
mlp_3x512-256-128_bs256_adam_lr0_001,41,adam,256,0.001,0.7917,0.611,0.9233,0.2601
mlp_3x512-256-128_bs256_adam_lr0_001,42,adam,256,0.001,0.7896,0.6177,0.9193,0.2686
mlp_3x512-256-128_bs256_adam_lr0_001,43,adam,256,0.001,0.7992,0.5922,0.928,0.2588
mlp_3x512-256-128_bs256_adam_lr0_001,44,adam,256,0.001,0.7988,0.6056,0.926,0.2568
mlp_3x512-256-128_bs256_adam_lr0_001,45,adam,256,0.001,0.7932,0.5994,0.9307,0.2433
mlp_3x512-256-128_bs256_adam_lr0_001,46,adam,256,0.001,0.8026,0.5817,0.9327,0.2398
mlp_3x512-256-128_bs256_adam_lr0_001,47,adam,256,0.001,0.799,0.5933,0.932,0.244
mlp_3x512-256-128_bs256_adam_lr0_001,48,adam,256,0.001,0.7963,0.5887,0.928,0.2399
mlp_3x512-256-128_bs256_adam_lr0_001,49,adam,256,0.001,0.8073,0.5708,0.9213,0.2389
mlp_3x512-256-128_bs256_adam_lr0_001,50,adam,256,0.001,0.8053,0.5704,0.9293,0.235
mlp_3x512-256-128_bs256_sgd_lr0_001,1,sgd,256,0.001,0.0783,2.8188,0.094,2.6914
mlp_3x512-256-128_bs256_sgd_lr0_001,2,sgd,256,0.001,0.1114,2.6941,0.2407,2.5236
mlp_3x512-256-128_bs256_sgd_lr0_001,3,sgd,256,0.001,0.1401,2.6142,0.2807,2.4387
mlp_3x512-256-128_bs256_sgd_lr0_001,4,sgd,256,0.001,0.1631,2.5459,0.302,2.3665
mlp_3x512-256-128_bs256_sgd_lr0_001,5,sgd,256,0.001,0.188,2.4838,0.3187,2.3116
mlp_3x512-256-128_bs256_sgd_lr0_001,6,sgd,256,0.001,0.2021,2.4348,0.3427,2.263
mlp_3x512-256-128_bs256_sgd_lr0_001,7,sgd,256,0.001,0.2173,2.3986,0.3493,2.2198
mlp_3x512-256-128_bs256_sgd_lr0_001,8,sgd,256,0.001,0.2308,2.3475,0.362,2.1685
mlp_3x512-256-128_bs256_sgd_lr0_001,9,sgd,256,0.001,0.2453,2.3124,0.3813,2.1189
mlp_3x512-256-128_bs256_sgd_lr0_001,10,sgd,256,0.001,0.2592,2.2749,0.3967,2.0725
mlp_3x512-256-128_bs256_sgd_lr0_001,11,sgd,256,0.001,0.2702,2.2444,0.414,2.0365
mlp_3x512-256-128_bs256_sgd_lr0_001,12,sgd,256,0.001,0.2822,2.2091,0.4247,1.988
mlp_3x512-256-128_bs256_sgd_lr0_001,13,sgd,256,0.001,0.2888,2.1804,0.4293,1.9531
mlp_3x512-256-128_bs256_sgd_lr0_001,14,sgd,256,0.001,0.3054,2.1411,0.438,1.9059
mlp_3x512-256-128_bs256_sgd_lr0_001,15,sgd,256,0.001,0.3152,2.1165,0.4413,1.8687
mlp_3x512-256-128_bs256_sgd_lr0_001,16,sgd,256,0.001,0.3367,2.0783,0.4507,1.8303
mlp_3x512-256-128_bs256_sgd_lr0_001,17,sgd,256,0.001,0.3402,2.0575,0.4627,1.7795
mlp_3x512-256-128_bs256_sgd_lr0_001,18,sgd,256,0.001,0.344,2.0291,0.4733,1.7492
mlp_3x512-256-128_bs256_sgd_lr0_001,19,sgd,256,0.001,0.3498,2.0043,0.48,1.7081
mlp_3x512-256-128_bs256_sgd_lr0_001,20,sgd,256,0.001,0.3645,1.9585,0.4907,1.6712
mlp_3x512-256-128_bs256_sgd_lr0_001,21,sgd,256,0.001,0.3686,1.9455,0.5047,1.6293
mlp_3x512-256-128_bs256_sgd_lr0_001,22,sgd,256,0.001,0.3807,1.9174,0.508,1.6052
mlp_3x512-256-128_bs256_sgd_lr0_001,23,sgd,256,0.001,0.3876,1.8967,0.5187,1.5719
mlp_3x512-256-128_bs256_sgd_lr0_001,24,sgd,256,0.001,0.3951,1.8657,0.5287,1.5338
mlp_3x512-256-128_bs256_sgd_lr0_001,25,sgd,256,0.001,0.4009,1.835,0.5233,1.5141
mlp_3x512-256-128_bs256_sgd_lr0_001,26,sgd,256,0.001,0.4096,1.8198,0.538,1.4719
mlp_3x512-256-128_bs256_sgd_lr0_001,27,sgd,256,0.001,0.4144,1.7955,0.548,1.4461
mlp_3x512-256-128_bs256_sgd_lr0_001,28,sgd,256,0.001,0.4253,1.7677,0.558,1.4146
mlp_3x512-256-128_bs256_sgd_lr0_001,29,sgd,256,0.001,0.4253,1.7597,0.5707,1.3837
mlp_3x512-256-128_bs256_sgd_lr0_001,30,sgd,256,0.001,0.4303,1.7333,0.586,1.3478
mlp_3x512-256-128_bs256_sgd_lr0_001,31,sgd,256,0.001,0.4363,1.7203,0.5907,1.325
mlp_3x512-256-128_bs256_sgd_lr0_001,32,sgd,256,0.001,0.4475,1.6882,0.6013,1.3052
mlp_3x512-256-128_bs256_sgd_lr0_001,33,sgd,256,0.001,0.4465,1.6748,0.604,1.2841
mlp_3x512-256-128_bs256_sgd_lr0_001,34,sgd,256,0.001,0.4587,1.6536,0.61,1.2592
mlp_3x512-256-128_bs256_sgd_lr0_001,35,sgd,256,0.001,0.4627,1.6329,0.624,1.2373
mlp_3x512-256-128_bs256_sgd_lr0_001,36,sgd,256,0.001,0.4677,1.6126,0.6367,1.2114
mlp_3x512-256-128_bs256_sgd_lr0_001,37,sgd,256,0.001,0.4743,1.5993,0.648,1.1926
mlp_3x512-256-128_bs256_sgd_lr0_001,38,sgd,256,0.001,0.479,1.5809,0.6553,1.1653
mlp_3x512-256-128_bs256_sgd_lr0_001,39,sgd,256,0.001,0.4803,1.5635,0.6553,1.1483
mlp_3x512-256-128_bs256_sgd_lr0_001,40,sgd,256,0.001,0.4823,1.5564,0.6613,1.1426
mlp_3x512-256-128_bs256_sgd_lr0_001,41,sgd,256,0.001,0.4909,1.5506,0.67,1.1065
mlp_3x512-256-128_bs256_sgd_lr0_001,42,sgd,256,0.001,0.4984,1.5285,0.6747,1.0849
mlp_3x512-256-128_bs256_sgd_lr0_001,43,sgd,256,0.001,0.4965,1.5029,0.678,1.0799
mlp_3x512-256-128_bs256_sgd_lr0_001,44,sgd,256,0.001,0.5017,1.5046,0.6913,1.0527
mlp_3x512-256-128_bs256_sgd_lr0_001,45,sgd,256,0.001,0.5078,1.4825,0.694,1.0365
mlp_3x512-256-128_bs256_sgd_lr0_001,46,sgd,256,0.001,0.5109,1.4694,0.6993,1.0207
mlp_3x512-256-128_bs256_sgd_lr0_001,47,sgd,256,0.001,0.5108,1.4535,0.7047,0.9995
mlp_3x512-256-128_bs256_sgd_lr0_001,48,sgd,256,0.001,0.5163,1.4518,0.7087,0.9897
mlp_3x512-256-128_bs256_sgd_lr0_001,49,sgd,256,0.001,0.5266,1.424,0.7153,0.9758
mlp_3x512-256-128_bs256_sgd_lr0_001,50,sgd,256,0.001,0.5267,1.4207,0.72,0.9619
mlp_3x512-256-128_bs256_adam_lr0_0005,1,adam,256,0.0005,0.1557,2.5702,0.2827,2.4001
mlp_3x512-256-128_bs256_adam_lr0_0005,2,adam,256,0.0005,0.2913,2.2276,0.4707,1.8776
mlp_3x512-256-128_bs256_adam_lr0_0005,3,adam,256,0.0005,0.3628,2.0005,0.5413,1.6107
mlp_3x512-256-128_bs256_adam_lr0_0005,4,adam,256,0.0005,0.4275,1.7998,0.598,1.3546
mlp_3x512-256-128_bs256_adam_lr0_0005,5,adam,256,0.0005,0.4791,1.6248,0.664,1.1667
mlp_3x512-256-128_bs256_adam_lr0_0005,6,adam,256,0.0005,0.5128,1.4898,0.714,1.0214
mlp_3x512-256-128_bs256_adam_lr0_0005,7,adam,256,0.0005,0.5474,1.3822,0.7287,0.9039
mlp_3x512-256-128_bs256_adam_lr0_0005,8,adam,256,0.0005,0.5752,1.2895,0.7513,0.8246
mlp_3x512-256-128_bs256_adam_lr0_0005,9,adam,256,0.0005,0.594,1.2349,0.7893,0.7412
mlp_3x512-256-128_bs256_adam_lr0_0005,10,adam,256,0.0005,0.6008,1.1798,0.7973,0.6972
mlp_3x512-256-128_bs256_adam_lr0_0005,11,adam,256,0.0005,0.6226,1.1292,0.802,0.6502
mlp_3x512-256-128_bs256_adam_lr0_0005,12,adam,256,0.0005,0.6273,1.0931,0.8173,0.6149
mlp_3x512-256-128_bs256_adam_lr0_0005,13,adam,256,0.0005,0.6424,1.0641,0.8287,0.584
mlp_3x512-256-128_bs256_adam_lr0_0005,14,adam,256,0.0005,0.6481,1.0322,0.8333,0.569
mlp_3x512-256-128_bs256_adam_lr0_0005,15,adam,256,0.0005,0.6629,0.9823,0.8473,0.5334
mlp_3x512-256-128_bs256_adam_lr0_0005,16,adam,256,0.0005,0.6748,0.9598,0.8413,0.5167
mlp_3x512-256-128_bs256_adam_lr0_0005,17,adam,256,0.0005,0.6829,0.9451,0.8533,0.495
mlp_3x512-256-128_bs256_adam_lr0_0005,18,adam,256,0.0005,0.682,0.9273,0.8533,0.4761
mlp_3x512-256-128_bs256_adam_lr0_0005,19,adam,256,0.0005,0.6917,0.9012,0.8607,0.4543
mlp_3x512-256-128_bs256_adam_lr0_0005,20,adam,256,0.0005,0.6923,0.891,0.8593,0.4564
mlp_3x512-256-128_bs256_adam_lr0_0005,21,adam,256,0.0005,0.7042,0.8745,0.8633,0.4358
mlp_3x512-256-128_bs256_adam_lr0_0005,22,adam,256,0.0005,0.7085,0.8578,0.8693,0.4262
mlp_3x512-256-128_bs256_adam_lr0_0005,23,adam,256,0.0005,0.7133,0.8448,0.8693,0.412
mlp_3x512-256-128_bs256_adam_lr0_0005,24,adam,256,0.0005,0.714,0.8267,0.8793,0.4056
mlp_3x512-256-128_bs256_adam_lr0_0005,25,adam,256,0.0005,0.7219,0.8232,0.8727,0.3955
mlp_3x512-256-128_bs256_adam_lr0_0005,26,adam,256,0.0005,0.7276,0.7958,0.8807,0.3847
mlp_3x512-256-128_bs256_adam_lr0_0005,27,adam,256,0.0005,0.7284,0.7912,0.882,0.3868
mlp_3x512-256-128_bs256_adam_lr0_0005,28,adam,256,0.0005,0.7342,0.7833,0.8867,0.3756
mlp_3x512-256-128_bs256_adam_lr0_0005,29,adam,256,0.0005,0.7373,0.7668,0.886,0.3659
mlp_3x512-256-128_bs256_adam_lr0_0005,30,adam,256,0.0005,0.7362,0.7729,0.89,0.3578
mlp_3x512-256-128_bs256_adam_lr0_0005,31,adam,256,0.0005,0.7477,0.7382,0.8967,0.3413
mlp_3x512-256-128_bs256_adam_lr0_0005,32,adam,256,0.0005,0.7442,0.7412,0.8927,0.3471
mlp_3x512-256-128_bs256_adam_lr0_0005,33,adam,256,0.0005,0.7522,0.731,0.9,0.3381
mlp_3x512-256-128_bs256_adam_lr0_0005,34,adam,256,0.0005,0.7536,0.7217,0.9013,0.3314
mlp_3x512-256-128_bs256_adam_lr0_0005,35,adam,256,0.0005,0.7544,0.7124,0.9013,0.3287
mlp_3x512-256-128_bs256_adam_lr0_0005,36,adam,256,0.0005,0.7579,0.7125,0.8953,0.3316
mlp_3x512-256-128_bs256_adam_lr0_0005,37,adam,256,0.0005,0.7615,0.6953,0.904,0.3183
mlp_3x512-256-128_bs256_adam_lr0_0005,38,adam,256,0.0005,0.7651,0.6908,0.9013,0.3115
mlp_3x512-256-128_bs256_adam_lr0_0005,39,adam,256,0.0005,0.7686,0.6745,0.9047,0.313
mlp_3x512-256-128_bs256_adam_lr0_0005,40,adam,256,0.0005,0.7708,0.6714,0.9,0.3044
mlp_3x512-256-128_bs256_adam_lr0_0005,41,adam,256,0.0005,0.7794,0.646,0.9113,0.2948
mlp_3x512-256-128_bs256_adam_lr0_0005,42,adam,256,0.0005,0.7692,0.6738,0.9107,0.2937
mlp_3x512-256-128_bs256_adam_lr0_0005,43,adam,256,0.0005,0.7688,0.664,0.9073,0.2893
mlp_3x512-256-128_bs256_adam_lr0_0005,44,adam,256,0.0005,0.7796,0.6487,0.9093,0.2869
mlp_3x512-256-128_bs256_adam_lr0_0005,45,adam,256,0.0005,0.7729,0.6542,0.916,0.281
mlp_3x512-256-128_bs256_adam_lr0_0005,46,adam,256,0.0005,0.7851,0.6286,0.9127,0.2833
mlp_3x512-256-128_bs256_adam_lr0_0005,47,adam,256,0.0005,0.7864,0.6413,0.9147,0.2754
mlp_3x512-256-128_bs256_adam_lr0_0005,48,adam,256,0.0005,0.7843,0.637,0.9153,0.2704
mlp_3x512-256-128_bs256_adam_lr0_0005,49,adam,256,0.0005,0.7829,0.6344,0.914,0.2764
mlp_3x512-256-128_bs256_adam_lr0_0005,50,adam,256,0.0005,0.7878,0.6255,0.9173,0.2674
mlp_3x512-256-128_bs256_sgd_lr0_0005,1,sgd,256,0.0005,0.0722,2.8413,0.1,2.6947
mlp_3x512-256-128_bs256_sgd_lr0_0005,2,sgd,256,0.0005,0.0882,2.7668,0.21,2.5977
mlp_3x512-256-128_bs256_sgd_lr0_0005,3,sgd,256,0.0005,0.1094,2.6963,0.2333,2.5392
mlp_3x512-256-128_bs256_sgd_lr0_0005,4,sgd,256,0.0005,0.1254,2.6535,0.248,2.4906
mlp_3x512-256-128_bs256_sgd_lr0_0005,5,sgd,256,0.0005,0.1429,2.6063,0.2647,2.445
mlp_3x512-256-128_bs256_sgd_lr0_0005,6,sgd,256,0.0005,0.1578,2.5765,0.2773,2.4034
mlp_3x512-256-128_bs256_sgd_lr0_0005,7,sgd,256,0.0005,0.1736,2.5302,0.2827,2.3653
mlp_3x512-256-128_bs256_sgd_lr0_0005,8,sgd,256,0.0005,0.184,2.5036,0.29,2.3308
mlp_3x512-256-128_bs256_sgd_lr0_0005,9,sgd,256,0.0005,0.1855,2.4788,0.2987,2.3019
mlp_3x512-256-128_bs256_sgd_lr0_0005,10,sgd,256,0.0005,0.2014,2.4468,0.31,2.2733
mlp_3x512-256-128_bs256_sgd_lr0_0005,11,sgd,256,0.0005,0.2071,2.4219,0.3153,2.2463
mlp_3x512-256-128_bs256_sgd_lr0_0005,12,sgd,256,0.0005,0.2193,2.3977,0.3227,2.2188
mlp_3x512-256-128_bs256_sgd_lr0_0005,13,sgd,256,0.0005,0.2229,2.3734,0.338,2.1931
mlp_3x512-256-128_bs256_sgd_lr0_0005,14,sgd,256,0.0005,0.2328,2.3553,0.356,2.1686
mlp_3x512-256-128_bs256_sgd_lr0_0005,15,sgd,256,0.0005,0.2357,2.3317,0.376,2.1449
mlp_3x512-256-128_bs256_sgd_lr0_0005,16,sgd,256,0.0005,0.2406,2.3137,0.3853,2.1191
mlp_3x512-256-128_bs256_sgd_lr0_0005,17,sgd,256,0.0005,0.2522,2.2944,0.3927,2.0997
mlp_3x512-256-128_bs256_sgd_lr0_0005,18,sgd,256,0.0005,0.2532,2.281,0.3973,2.0747
mlp_3x512-256-128_bs256_sgd_lr0_0005,19,sgd,256,0.0005,0.2647,2.2536,0.4093,2.0494
mlp_3x512-256-128_bs256_sgd_lr0_0005,20,sgd,256,0.0005,0.2776,2.2238,0.4127,2.0309
mlp_3x512-256-128_bs256_sgd_lr0_0005,21,sgd,256,0.0005,0.275,2.2097,0.42,2.0053
mlp_3x512-256-128_bs256_sgd_lr0_0005,22,sgd,256,0.0005,0.2828,2.2051,0.4253,1.9792
mlp_3x512-256-128_bs256_sgd_lr0_0005,23,sgd,256,0.0005,0.2919,2.1835,0.434,1.9573
mlp_3x512-256-128_bs256_sgd_lr0_0005,24,sgd,256,0.0005,0.2906,2.1665,0.4353,1.9391
mlp_3x512-256-128_bs256_sgd_lr0_0005,25,sgd,256,0.0005,0.3025,2.1551,0.4447,1.9128
mlp_3x512-256-128_bs256_sgd_lr0_0005,26,sgd,256,0.0005,0.3007,2.1357,0.4473,1.8929
mlp_3x512-256-128_bs256_sgd_lr0_0005,27,sgd,256,0.0005,0.3143,2.1248,0.4587,1.8753
mlp_3x512-256-128_bs256_sgd_lr0_0005,28,sgd,256,0.0005,0.3236,2.0951,0.4613,1.8522
mlp_3x512-256-128_bs256_sgd_lr0_0005,29,sgd,256,0.0005,0.3207,2.0866,0.4627,1.8328
mlp_3x512-256-128_bs256_sgd_lr0_0005,30,sgd,256,0.0005,0.3266,2.0647,0.4673,1.812
mlp_3x512-256-128_bs256_sgd_lr0_0005,31,sgd,256,0.0005,0.3316,2.054,0.4713,1.7868
mlp_3x512-256-128_bs256_sgd_lr0_0005,32,sgd,256,0.0005,0.3382,2.0437,0.4787,1.765
mlp_3x512-256-128_bs256_sgd_lr0_0005,33,sgd,256,0.0005,0.3427,2.025,0.4873,1.7463
mlp_3x512-256-128_bs256_sgd_lr0_0005,34,sgd,256,0.0005,0.3456,2.0171,0.486,1.728
mlp_3x512-256-128_bs256_sgd_lr0_0005,35,sgd,256,0.0005,0.3431,2.0042,0.4927,1.7081
mlp_3x512-256-128_bs256_sgd_lr0_0005,36,sgd,256,0.0005,0.3494,1.9884,0.5007,1.6891
mlp_3x512-256-128_bs256_sgd_lr0_0005,37,sgd,256,0.0005,0.364,1.9635,0.5047,1.6761
mlp_3x512-256-128_bs256_sgd_lr0_0005,38,sgd,256,0.0005,0.3648,1.9623,0.508,1.6559
mlp_3x512-256-128_bs256_sgd_lr0_0005,39,sgd,256,0.0005,0.3674,1.9584,0.5133,1.6363
mlp_3x512-256-128_bs256_sgd_lr0_0005,40,sgd,256,0.0005,0.3646,1.9397,0.5193,1.615
mlp_3x512-256-128_bs256_sgd_lr0_0005,41,sgd,256,0.0005,0.3753,1.9182,0.5253,1.6005
mlp_3x512-256-128_bs256_sgd_lr0_0005,42,sgd,256,0.0005,0.3757,1.9021,0.5247,1.5777
mlp_3x512-256-128_bs256_sgd_lr0_0005,43,sgd,256,0.0005,0.3857,1.89,0.5287,1.5612
mlp_3x512-256-128_bs256_sgd_lr0_0005,44,sgd,256,0.0005,0.3848,1.8785,0.538,1.5449
mlp_3x512-256-128_bs256_sgd_lr0_0005,45,sgd,256,0.0005,0.3892,1.8722,0.5347,1.5325
mlp_3x512-256-128_bs256_sgd_lr0_0005,46,sgd,256,0.0005,0.3934,1.8485,0.5367,1.5174
mlp_3x512-256-128_bs256_sgd_lr0_0005,47,sgd,256,0.0005,0.3956,1.8424,0.5453,1.4952
mlp_3x512-256-128_bs256_sgd_lr0_0005,48,sgd,256,0.0005,0.4023,1.8208,0.5493,1.4842
mlp_3x512-256-128_bs256_sgd_lr0_0005,49,sgd,256,0.0005,0.4098,1.8097,0.552,1.4688
mlp_3x512-256-128_bs256_sgd_lr0_0005,50,sgd,256,0.0005,0.4042,1.8051,0.5527,1.4514
mlp_3x512-256-128_bs32_adam_lr0_01,1,adam,32,0.01,0.3137,2.0887,0.548,1.4094
mlp_3x512-256-128_bs32_adam_lr0_01,2,adam,32,0.01,0.3857,1.8337,0.5613,1.3075
mlp_3x512-256-128_bs32_adam_lr0_01,3,adam,32,0.01,0.3948,1.8072,0.5933,1.2636
mlp_3x512-256-128_bs32_adam_lr0_01,4,adam,32,0.01,0.4088,1.7888,0.576,1.274
mlp_3x512-256-128_bs32_adam_lr0_01,5,adam,32,0.01,0.3991,1.8066,0.5647,1.3464
mlp_3x512-256-128_bs32_adam_lr0_01,6,adam,32,0.01,0.4042,1.7944,0.5653,1.3256
mlp_3x512-256-128_bs32_adam_lr0_01,7,adam,32,0.01,0.4031,1.8026,0.58,1.2968
mlp_3x512-256-128_bs32_adam_lr0_01,8,adam,32,0.01,0.3991,1.7912,0.5927,1.2705
mlp_3x512-256-128_bs32_sgd_lr0_01,1,sgd,32,0.01,0.2812,2.1563,0.5173,1.3876
mlp_3x512-256-128_bs32_sgd_lr0_01,2,sgd,32,0.01,0.4112,1.7428,0.632,1.1035
mlp_3x512-256-128_bs32_sgd_lr0_01,3,sgd,32,0.01,0.4669,1.5708,0.6827,0.9541
mlp_3x512-256-128_bs32_sgd_lr0_01,4,sgd,32,0.01,0.5003,1.4747,0.7247,0.867
mlp_3x512-256-128_bs32_sgd_lr0_01,5,sgd,32,0.01,0.5301,1.3849,0.7553,0.7693
mlp_3x512-256-128_bs32_sgd_lr0_01,6,sgd,32,0.01,0.5514,1.3105,0.772,0.7289
mlp_3x512-256-128_bs32_sgd_lr0_01,7,sgd,32,0.01,0.5701,1.2674,0.7807,0.6767
mlp_3x512-256-128_bs32_sgd_lr0_01,8,sgd,32,0.01,0.5774,1.2469,0.7993,0.6378
mlp_3x512-256-128_bs32_sgd_lr0_01,9,sgd,32,0.01,0.5984,1.1901,0.7933,0.6326
mlp_3x512-256-128_bs32_sgd_lr0_01,10,sgd,32,0.01,0.6041,1.1548,0.82,0.5802
mlp_3x512-256-128_bs32_sgd_lr0_01,11,sgd,32,0.01,0.6158,1.1307,0.8207,0.557
mlp_3x512-256-128_bs32_sgd_lr0_01,12,sgd,32,0.01,0.6206,1.1058,0.8327,0.5461
mlp_3x512-256-128_bs32_sgd_lr0_01,13,sgd,32,0.01,0.6349,1.0748,0.8307,0.5163
mlp_3x512-256-128_bs32_sgd_lr0_01,14,sgd,32,0.01,0.6454,1.04,0.8427,0.4957
mlp_3x512-256-128_bs32_sgd_lr0_01,15,sgd,32,0.01,0.6498,1.0242,0.8433,0.488
mlp_3x512-256-128_bs32_sgd_lr0_01,16,sgd,32,0.01,0.6534,1.0215,0.8293,0.4966
mlp_3x512-256-128_bs32_sgd_lr0_01,17,sgd,32,0.01,0.6565,1.0104,0.846,0.4623
mlp_3x512-256-128_bs32_sgd_lr0_01,18,sgd,32,0.01,0.6619,0.9738,0.8587,0.4508
mlp_3x512-256-128_bs32_sgd_lr0_01,19,sgd,32,0.01,0.6687,0.9693,0.858,0.4387
mlp_3x512-256-128_bs32_sgd_lr0_01,20,sgd,32,0.01,0.6757,0.952,0.8673,0.4231
mlp_3x512-256-128_bs32_sgd_lr0_01,21,sgd,32,0.01,0.6757,0.95,0.8773,0.3999
mlp_3x512-256-128_bs32_sgd_lr0_01,22,sgd,32,0.01,0.6912,0.9267,0.8667,0.4058
mlp_3x512-256-128_bs32_sgd_lr0_01,23,sgd,32,0.01,0.6819,0.9323,0.882,0.3933
mlp_3x512-256-128_bs32_sgd_lr0_01,24,sgd,32,0.01,0.687,0.9226,0.8873,0.3901
mlp_3x512-256-128_bs32_sgd_lr0_01,25,sgd,32,0.01,0.696,0.8936,0.89,0.3828
mlp_3x512-256-128_bs32_sgd_lr0_01,26,sgd,32,0.01,0.6946,0.8996,0.8727,0.3864
mlp_3x512-256-128_bs32_sgd_lr0_01,27,sgd,32,0.01,0.6979,0.8939,0.8727,0.3832
mlp_3x512-256-128_bs32_sgd_lr0_01,28,sgd,32,0.01,0.6955,0.8966,0.8893,0.3706
mlp_3x512-256-128_bs32_sgd_lr0_01,29,sgd,32,0.01,0.7008,0.8842,0.8993,0.3578
mlp_3x512-256-128_bs32_sgd_lr0_01,30,sgd,32,0.01,0.7007,0.8753,0.8973,0.3582
mlp_3x512-256-128_bs32_sgd_lr0_01,31,sgd,32,0.01,0.7026,0.8803,0.8873,0.3624
mlp_3x512-256-128_bs32_sgd_lr0_01,32,sgd,32,0.01,0.7092,0.858,0.898,0.346
mlp_3x512-256-128_bs32_sgd_lr0_01,33,sgd,32,0.01,0.7033,0.8746,0.8847,0.3858
mlp_3x512-256-128_bs32_sgd_lr0_01,34,sgd,32,0.01,0.7083,0.8719,0.882,0.3559
mlp_3x512-256-128_bs32_adam_lr0_001,1,adam,32,0.001,0.2975,2.1616,0.5507,1.4338
mlp_3x512-256-128_bs32_adam_lr0_001,2,adam,32,0.001,0.4481,1.6872,0.6693,1.0624
mlp_3x512-256-128_bs32_adam_lr0_001,3,adam,32,0.001,0.5022,1.5022,0.7313,0.9072
mlp_3x512-256-128_bs32_adam_lr0_001,4,adam,32,0.001,0.5289,1.4032,0.7507,0.815
mlp_3x512-256-128_bs32_adam_lr0_001,5,adam,32,0.001,0.5636,1.2977,0.7913,0.7337
mlp_3x512-256-128_bs32_adam_lr0_001,6,adam,32,0.001,0.5791,1.261,0.786,0.6884
mlp_3x512-256-128_bs32_adam_lr0_001,7,adam,32,0.001,0.5929,1.2174,0.7987,0.6581
mlp_3x512-256-128_bs32_adam_lr0_001,8,adam,32,0.001,0.6004,1.1831,0.808,0.6143
mlp_3x512-256-128_bs32_adam_lr0_001,9,adam,32,0.001,0.6188,1.1284,0.814,0.6023
mlp_3x512-256-128_bs32_adam_lr0_001,10,adam,32,0.001,0.63,1.1071,0.8267,0.5616
mlp_3x512-256-128_bs32_adam_lr0_001,11,adam,32,0.001,0.6286,1.0941,0.8313,0.541
mlp_3x512-256-128_bs32_adam_lr0_001,12,adam,32,0.001,0.6411,1.0563,0.836,0.5172
mlp_3x512-256-128_bs32_adam_lr0_001,13,adam,32,0.001,0.6516,1.0329,0.82,0.5142
mlp_3x512-256-128_bs32_adam_lr0_001,14,adam,32,0.001,0.6572,1.0186,0.8533,0.4986
mlp_3x512-256-128_bs32_adam_lr0_001,15,adam,32,0.001,0.6538,1.026,0.8573,0.4758
mlp_3x512-256-128_bs32_adam_lr0_001,16,adam,32,0.001,0.6629,1.001,0.852,0.4597
mlp_3x512-256-128_bs32_adam_lr0_001,17,adam,32,0.001,0.6605,0.9994,0.858,0.4658
mlp_3x512-256-128_bs32_adam_lr0_001,18,adam,32,0.001,0.6757,0.9633,0.8613,0.4586
mlp_3x512-256-128_bs32_adam_lr0_001,19,adam,32,0.001,0.6683,0.9813,0.872,0.4406
mlp_3x512-256-128_bs32_adam_lr0_001,20,adam,32,0.001,0.6727,0.9641,0.8647,0.4508
mlp_3x512-256-128_bs32_adam_lr0_001,21,adam,32,0.001,0.6773,0.968,0.872,0.4314
mlp_3x512-256-128_bs32_adam_lr0_001,22,adam,32,0.001,0.6837,0.9429,0.866,0.4258
mlp_3x512-256-128_bs32_adam_lr0_001,23,adam,32,0.001,0.6743,0.9712,0.8873,0.3967
mlp_3x512-256-128_bs32_adam_lr0_001,24,adam,32,0.001,0.6829,0.9342,0.8713,0.4216
mlp_3x512-256-128_bs32_adam_lr0_001,25,adam,32,0.001,0.6839,0.9398,0.878,0.4074
mlp_3x512-256-128_bs32_adam_lr0_001,26,adam,32,0.001,0.6947,0.9111,0.876,0.3911
mlp_3x512-256-128_bs32_adam_lr0_001,27,adam,32,0.001,0.6893,0.9322,0.8833,0.3958
mlp_3x512-256-128_bs32_adam_lr0_001,28,adam,32,0.001,0.6899,0.9193,0.8813,0.395
mlp_3x512-256-128_bs32_sgd_lr0_001,1,sgd,32,0.001,0.1522,2.5802,0.322,2.1878
mlp_3x512-256-128_bs32_sgd_lr0_001,2,sgd,32,0.001,0.2634,2.2551,0.418,1.9174
mlp_3x512-256-128_bs32_sgd_lr0_001,3,sgd,32,0.001,0.3172,2.0661,0.492,1.6591
mlp_3x512-256-128_bs32_sgd_lr0_001,4,sgd,32,0.001,0.3674,1.9238,0.5453,1.4818
mlp_3x512-256-128_bs32_sgd_lr0_001,5,sgd,32,0.001,0.4055,1.7968,0.5907,1.3247
mlp_3x512-256-128_bs32_sgd_lr0_001,6,sgd,32,0.001,0.4324,1.7149,0.6413,1.1918
mlp_3x512-256-128_bs32_sgd_lr0_001,7,sgd,32,0.001,0.451,1.6401,0.6573,1.1171
mlp_3x512-256-128_bs32_sgd_lr0_001,8,sgd,32,0.001,0.4761,1.5689,0.6927,1.0382
mlp_3x512-256-128_bs32_sgd_lr0_001,9,sgd,32,0.001,0.496,1.5103,0.716,0.9651
mlp_3x512-256-128_bs32_sgd_lr0_001,10,sgd,32,0.001,0.5037,1.4716,0.7227,0.9161
mlp_3x512-256-128_bs32_sgd_lr0_001,11,sgd,32,0.001,0.5132,1.4395,0.7447,0.8691
mlp_3x512-256-128_bs32_sgd_lr0_001,12,sgd,32,0.001,0.524,1.4038,0.7467,0.8433
mlp_3x512-256-128_bs32_sgd_lr0_001,13,sgd,32,0.001,0.5373,1.381,0.754,0.808
mlp_3x512-256-128_bs32_sgd_lr0_001,14,sgd,32,0.001,0.5445,1.3487,0.7667,0.777
mlp_3x512-256-128_bs32_sgd_lr0_001,15,sgd,32,0.001,0.5599,1.3131,0.7653,0.7451
mlp_3x512-256-128_bs32_sgd_lr0_001,16,sgd,32,0.001,0.5714,1.2804,0.7847,0.6975
mlp_3x512-256-128_bs32_sgd_lr0_001,17,sgd,32,0.001,0.5718,1.2706,0.7887,0.7022
mlp_3x512-256-128_bs32_sgd_lr0_001,18,sgd,32,0.001,0.575,1.2486,0.8,0.6683
mlp_3x512-256-128_bs32_sgd_lr0_001,19,sgd,32,0.001,0.5838,1.2324,0.8,0.6682
mlp_3x512-256-128_bs32_sgd_lr0_001,20,sgd,32,0.001,0.5873,1.2141,0.8107,0.637
mlp_3x512-256-128_bs32_sgd_lr0_001,21,sgd,32,0.001,0.5893,1.2134,0.8047,0.6217
mlp_3x512-256-128_bs32_sgd_lr0_001,22,sgd,32,0.001,0.6035,1.1769,0.828,0.6089
mlp_3x512-256-128_bs32_sgd_lr0_001,23,sgd,32,0.001,0.6054,1.166,0.8227,0.6048
mlp_3x512-256-128_bs32_sgd_lr0_001,24,sgd,32,0.001,0.6092,1.1584,0.8253,0.5869
mlp_3x512-256-128_bs32_sgd_lr0_001,25,sgd,32,0.001,0.6137,1.1411,0.836,0.5733
mlp_3x512-256-128_bs32_sgd_lr0_001,26,sgd,32,0.001,0.6188,1.1303,0.8413,0.5483
mlp_3x512-256-128_bs32_sgd_lr0_001,27,sgd,32,0.001,0.6255,1.109,0.8287,0.5623
mlp_3x512-256-128_bs32_sgd_lr0_001,28,sgd,32,0.001,0.6242,1.1108,0.8307,0.5545
mlp_3x512-256-128_bs32_sgd_lr0_001,29,sgd,32,0.001,0.6278,1.0964,0.842,0.5347
mlp_3x512-256-128_bs32_sgd_lr0_001,30,sgd,32,0.001,0.6279,1.0842,0.842,0.5177
mlp_3x512-256-128_bs32_sgd_lr0_001,31,sgd,32,0.001,0.6382,1.0711,0.8547,0.5167
mlp_3x512-256-128_bs32_sgd_lr0_001,32,sgd,32,0.001,0.6431,1.0551,0.828,0.5331
mlp_3x512-256-128_bs32_sgd_lr0_001,33,sgd,32,0.001,0.6458,1.0455,0.8513,0.5099
mlp_3x512-256-128_bs32_sgd_lr0_001,34,sgd,32,0.001,0.6507,1.0364,0.8553,0.5042
mlp_3x512-256-128_bs32_sgd_lr0_001,35,sgd,32,0.001,0.6502,1.0256,0.856,0.4815
mlp_3x512-256-128_bs32_sgd_lr0_001,36,sgd,32,0.001,0.651,1.0268,0.858,0.4721
mlp_3x512-256-128_bs32_sgd_lr0_001,37,sgd,32,0.001,0.6659,1.0016,0.8567,0.4763
mlp_3x512-256-128_bs32_sgd_lr0_001,38,sgd,32,0.001,0.6552,1.0063,0.858,0.4626
mlp_3x512-256-128_bs32_sgd_lr0_001,39,sgd,32,0.001,0.6611,0.9941,0.8713,0.4462
mlp_3x512-256-128_bs32_sgd_lr0_001,40,sgd,32,0.001,0.663,0.9854,0.85,0.4623
mlp_3x512-256-128_bs32_sgd_lr0_001,41,sgd,32,0.001,0.6642,0.9862,0.8593,0.4502
mlp_3x512-256-128_bs32_sgd_lr0_001,42,sgd,32,0.001,0.673,0.9723,0.8593,0.4481
mlp_3x512-256-128_bs32_sgd_lr0_001,43,sgd,32,0.001,0.6647,0.9744,0.8607,0.4407
mlp_3x512-256-128_bs32_sgd_lr0_001,44,sgd,32,0.001,0.6696,0.9638,0.872,0.4348
mlp_3x512-256-128_bs32_sgd_lr0_001,45,sgd,32,0.001,0.6718,0.9706,0.878,0.4221
mlp_3x512-256-128_bs32_sgd_lr0_001,46,sgd,32,0.001,0.673,0.9651,0.8713,0.4249
mlp_3x512-256-128_bs32_sgd_lr0_001,47,sgd,32,0.001,0.6805,0.9482,0.868,0.4318
mlp_3x512-256-128_bs32_sgd_lr0_001,48,sgd,32,0.001,0.6754,0.9625,0.8713,0.4253
mlp_3x512-256-128_bs32_sgd_lr0_001,49,sgd,32,0.001,0.6799,0.9328,0.8773,0.4184
mlp_3x512-256-128_bs32_sgd_lr0_001,50,sgd,32,0.001,0.6863,0.9309,0.8827,0.4029
mlp_3x512-256-128_bs32_adam_lr0_0005,1,adam,32,0.0005,0.2462,2.3217,0.5007,1.7169
mlp_3x512-256-128_bs32_adam_lr0_0005,2,adam,32,0.0005,0.3928,1.8489,0.6307,1.2487
mlp_3x512-256-128_bs32_adam_lr0_0005,3,adam,32,0.0005,0.4738,1.6055,0.6847,1.0419
mlp_3x512-256-128_bs32_adam_lr0_0005,4,adam,32,0.0005,0.5103,1.4739,0.714,0.9081
mlp_3x512-256-128_bs32_adam_lr0_0005,5,adam,32,0.0005,0.5433,1.3705,0.7447,0.8315
mlp_3x512-256-128_bs32_adam_lr0_0005,6,adam,32,0.0005,0.5557,1.3103,0.774,0.7322
mlp_3x512-256-128_bs32_adam_lr0_0005,7,adam,32,0.0005,0.576,1.2598,0.7853,0.6794
mlp_3x512-256-128_bs32_adam_lr0_0005,8,adam,32,0.0005,0.5961,1.208,0.8007,0.639
mlp_3x512-256-128_bs32_adam_lr0_0005,9,adam,32,0.0005,0.6041,1.1686,0.82,0.6161
mlp_3x512-256-128_bs32_adam_lr0_0005,10,adam,32,0.0005,0.6158,1.1364,0.8233,0.5899
mlp_3x512-256-128_bs32_adam_lr0_0005,11,adam,32,0.0005,0.6265,1.1046,0.8313,0.5547
mlp_3x512-256-128_bs32_adam_lr0_0005,12,adam,32,0.0005,0.6264,1.1006,0.844,0.551
mlp_3x512-256-128_bs32_adam_lr0_0005,13,adam,32,0.0005,0.6481,1.0514,0.842,0.5188
mlp_3x512-256-128_bs32_adam_lr0_0005,14,adam,32,0.0005,0.6511,1.0331,0.856,0.4963
mlp_3x512-256-128_bs32_adam_lr0_0005,15,adam,32,0.0005,0.6541,1.0134,0.848,0.5191
mlp_3x512-256-128_bs32_adam_lr0_0005,16,adam,32,0.0005,0.6633,0.9998,0.8587,0.4843
mlp_3x512-256-128_bs32_adam_lr0_0005,17,adam,32,0.0005,0.6668,0.97,0.8713,0.4606
mlp_3x512-256-128_bs32_adam_lr0_0005,18,adam,32,0.0005,0.6743,0.9735,0.8653,0.4585
mlp_3x512-256-128_bs32_adam_lr0_0005,19,adam,32,0.0005,0.6726,0.9567,0.8653,0.4504
mlp_3x512-256-128_bs32_adam_lr0_0005,20,adam,32,0.0005,0.6773,0.9399,0.876,0.4315
mlp_3x512-256-128_bs32_adam_lr0_0005,21,adam,32,0.0005,0.6768,0.9478,0.868,0.4449
mlp_3x512-256-128_bs32_adam_lr0_0005,22,adam,32,0.0005,0.6906,0.9213,0.872,0.4239
mlp_3x512-256-128_bs32_adam_lr0_0005,23,adam,32,0.0005,0.6886,0.9169,0.884,0.4136
mlp_3x512-256-128_bs32_adam_lr0_0005,24,adam,32,0.0005,0.6907,0.9072,0.8847,0.4026
mlp_3x512-256-128_bs32_adam_lr0_0005,25,adam,32,0.0005,0.6932,0.9144,0.886,0.3984
mlp_3x512-256-128_bs32_adam_lr0_0005,26,adam,32,0.0005,0.7,0.8955,0.8867,0.3921
mlp_3x512-256-128_bs32_adam_lr0_0005,27,adam,32,0.0005,0.6968,0.8799,0.8793,0.3916
mlp_3x512-256-128_bs32_adam_lr0_0005,28,adam,32,0.0005,0.7047,0.8711,0.8787,0.3932
mlp_3x512-256-128_bs32_adam_lr0_0005,29,adam,32,0.0005,0.707,0.8672,0.8853,0.3782
mlp_3x512-256-128_bs32_adam_lr0_0005,30,adam,32,0.0005,0.7164,0.8469,0.8733,0.3762
mlp_3x512-256-128_bs32_adam_lr0_0005,31,adam,32,0.0005,0.7103,0.8607,0.898,0.359
mlp_3x512-256-128_bs32_adam_lr0_0005,32,adam,32,0.0005,0.7106,0.8418,0.8813,0.3682
mlp_3x512-256-128_bs32_adam_lr0_0005,33,adam,32,0.0005,0.7168,0.8383,0.888,0.363
mlp_3x512-256-128_bs32_adam_lr0_0005,34,adam,32,0.0005,0.7137,0.8392,0.8987,0.3479
mlp_3x512-256-128_bs32_adam_lr0_0005,35,adam,32,0.0005,0.72,0.8304,0.8907,0.3487
mlp_3x512-256-128_bs32_adam_lr0_0005,36,adam,32,0.0005,0.721,0.8252,0.8973,0.3558
mlp_3x512-256-128_bs32_adam_lr0_0005,37,adam,32,0.0005,0.7216,0.8192,0.89,0.3567
mlp_3x512-256-128_bs32_adam_lr0_0005,38,adam,32,0.0005,0.7274,0.8121,0.896,0.3386
mlp_3x512-256-128_bs32_adam_lr0_0005,39,adam,32,0.0005,0.7242,0.8142,0.9113,0.3265
mlp_3x512-256-128_bs32_adam_lr0_0005,40,adam,32,0.0005,0.7244,0.8019,0.9133,0.3198
mlp_3x512-256-128_bs32_adam_lr0_0005,41,adam,32,0.0005,0.7344,0.7992,0.9067,0.3281
mlp_3x512-256-128_bs32_adam_lr0_0005,42,adam,32,0.0005,0.7247,0.8021,0.9093,0.3245
mlp_3x512-256-128_bs32_adam_lr0_0005,43,adam,32,0.0005,0.7317,0.795,0.8953,0.3357
mlp_3x512-256-128_bs32_adam_lr0_0005,44,adam,32,0.0005,0.7305,0.8079,0.9073,0.3216
mlp_3x512-256-128_bs32_adam_lr0_0005,45,adam,32,0.0005,0.7362,0.7876,0.9193,0.317
mlp_3x512-256-128_bs32_adam_lr0_0005,46,adam,32,0.0005,0.7292,0.7883,0.9073,0.3245
mlp_3x512-256-128_bs32_adam_lr0_0005,47,adam,32,0.0005,0.7276,0.7956,0.9133,0.3124
mlp_3x512-256-128_bs32_adam_lr0_0005,48,adam,32,0.0005,0.7392,0.773,0.902,0.3073
mlp_3x512-256-128_bs32_adam_lr0_0005,49,adam,32,0.0005,0.7425,0.7746,0.9107,0.2971
mlp_3x512-256-128_bs32_adam_lr0_0005,50,adam,32,0.0005,0.7354,0.7816,0.912,0.2974
mlp_3x512-256-128_bs32_sgd_lr0_0005,1,sgd,32,0.0005,0.1208,2.6741,0.3,2.3573
mlp_3x512-256-128_bs32_sgd_lr0_0005,2,sgd,32,0.0005,0.2003,2.4269,0.3707,2.1609
mlp_3x512-256-128_bs32_sgd_lr0_0005,3,sgd,32,0.0005,0.2524,2.2767,0.4247,2.0074
mlp_3x512-256-128_bs32_sgd_lr0_0005,4,sgd,32,0.0005,0.2888,2.1732,0.478,1.8432
mlp_3x512-256-128_bs32_sgd_lr0_0005,5,sgd,32,0.0005,0.319,2.0829,0.496,1.7355
mlp_3x512-256-128_bs32_sgd_lr0_0005,6,sgd,32,0.0005,0.3492,1.9877,0.5347,1.6074
mlp_3x512-256-128_bs32_sgd_lr0_0005,7,sgd,32,0.0005,0.3725,1.9162,0.544,1.4957
mlp_3x512-256-128_bs32_sgd_lr0_0005,8,sgd,32,0.0005,0.3932,1.8443,0.5847,1.3891
mlp_3x512-256-128_bs32_sgd_lr0_0005,9,sgd,32,0.0005,0.4147,1.7773,0.6133,1.2938
mlp_3x512-256-128_bs32_sgd_lr0_0005,10,sgd,32,0.0005,0.4384,1.7118,0.63,1.2427
mlp_3x512-256-128_bs32_sgd_lr0_0005,11,sgd,32,0.0005,0.4493,1.6688,0.65,1.1861
mlp_3x512-256-128_bs32_sgd_lr0_0005,12,sgd,32,0.0005,0.465,1.6179,0.6727,1.1086
mlp_3x512-256-128_bs32_sgd_lr0_0005,13,sgd,32,0.0005,0.4826,1.5762,0.6807,1.0624
mlp_3x512-256-128_bs32_sgd_lr0_0005,14,sgd,32,0.0005,0.4858,1.5501,0.7047,1.0224
mlp_3x512-256-128_bs32_sgd_lr0_0005,15,sgd,32,0.0005,0.4951,1.522,0.714,0.9726
mlp_3x512-256-128_bs32_sgd_lr0_0005,16,sgd,32,0.0005,0.5087,1.4823,0.724,0.9296
mlp_3x512-256-128_bs32_sgd_lr0_0005,17,sgd,32,0.0005,0.5082,1.4622,0.7267,0.8982
mlp_3x512-256-128_bs32_sgd_lr0_0005,18,sgd,32,0.0005,0.5183,1.4418,0.7367,0.8568
mlp_3x512-256-128_bs32_sgd_lr0_0005,19,sgd,32,0.0005,0.532,1.4122,0.7427,0.8465
mlp_3x512-256-128_bs32_sgd_lr0_0005,20,sgd,32,0.0005,0.5356,1.3957,0.7567,0.8237
mlp_3x512-256-128_bs32_sgd_lr0_0005,21,sgd,32,0.0005,0.5398,1.3689,0.7533,0.8059
mlp_3x512-256-128_bs32_sgd_lr0_0005,22,sgd,32,0.0005,0.5413,1.3534,0.7647,0.7814
mlp_3x512-256-128_bs32_sgd_lr0_0005,23,sgd,32,0.0005,0.5553,1.3328,0.7653,0.782
mlp_3x512-256-128_bs32_sgd_lr0_0005,24,sgd,32,0.0005,0.5509,1.334,0.7827,0.7342
mlp_3x512-256-128_bs32_sgd_lr0_0005,25,sgd,32,0.0005,0.559,1.3013,0.7733,0.7389
mlp_3x512-256-128_bs32_sgd_lr0_0005,26,sgd,32,0.0005,0.5656,1.2988,0.7807,0.7288
mlp_3x512-256-128_bs32_sgd_lr0_0005,27,sgd,32,0.0005,0.5713,1.276,0.784,0.6925
mlp_3x512-256-128_bs32_sgd_lr0_0005,28,sgd,32,0.0005,0.5788,1.2408,0.7973,0.6816
mlp_3x512-256-128_bs32_sgd_lr0_0005,29,sgd,32,0.0005,0.5789,1.2453,0.8087,0.6694
mlp_3x512-256-128_bs32_sgd_lr0_0005,30,sgd,32,0.0005,0.5901,1.2239,0.7993,0.6564
mlp_3x512-256-128_bs32_sgd_lr0_0005,31,sgd,32,0.0005,0.5908,1.2136,0.7953,0.6513
mlp_3x512-256-128_bs32_sgd_lr0_0005,32,sgd,32,0.0005,0.5978,1.2053,0.8033,0.6428
mlp_3x512-256-128_bs32_sgd_lr0_0005,33,sgd,32,0.0005,0.5932,1.1979,0.8013,0.6236
mlp_3x512-256-128_bs32_sgd_lr0_0005,34,sgd,32,0.0005,0.5956,1.1926,0.812,0.6147
mlp_3x512-256-128_bs32_sgd_lr0_0005,35,sgd,32,0.0005,0.5992,1.1849,0.81,0.6114
mlp_3x512-256-128_bs32_sgd_lr0_0005,36,sgd,32,0.0005,0.608,1.1602,0.8147,0.6054
mlp_3x512-256-128_bs32_sgd_lr0_0005,37,sgd,32,0.0005,0.6075,1.1685,0.83,0.591
mlp_3x512-256-128_bs32_sgd_lr0_0005,38,sgd,32,0.0005,0.6131,1.1467,0.8147,0.5979
mlp_3x512-256-128_bs32_sgd_lr0_0005,39,sgd,32,0.0005,0.612,1.138,0.828,0.5697
mlp_3x512-256-128_bs32_sgd_lr0_0005,40,sgd,32,0.0005,0.6132,1.139,0.8267,0.5713
mlp_3x512-256-128_bs32_sgd_lr0_0005,41,sgd,32,0.0005,0.6181,1.1244,0.8227,0.5625
mlp_3x512-256-128_bs32_sgd_lr0_0005,42,sgd,32,0.0005,0.6252,1.1198,0.8353,0.5576
mlp_3x512-256-128_bs32_sgd_lr0_0005,43,sgd,32,0.0005,0.627,1.1025,0.826,0.5535
mlp_3x512-256-128_bs32_sgd_lr0_0005,44,sgd,32,0.0005,0.6255,1.0948,0.8333,0.5359
mlp_3x512-256-128_bs32_sgd_lr0_0005,45,sgd,32,0.0005,0.6279,1.1072,0.842,0.5201
mlp_3x512-256-128_bs32_sgd_lr0_0005,46,sgd,32,0.0005,0.6338,1.0896,0.8513,0.5209
mlp_3x512-256-128_bs32_sgd_lr0_0005,47,sgd,32,0.0005,0.6278,1.0793,0.854,0.51
mlp_3x512-256-128_bs32_sgd_lr0_0005,48,sgd,32,0.0005,0.6418,1.0578,0.8433,0.5177
mlp_3x512-256-128_bs32_sgd_lr0_0005,49,sgd,32,0.0005,0.6432,1.0667,0.848,0.5063
mlp_3x512-256-128_bs32_sgd_lr0_0005,50,sgd,32,0.0005,0.637,1.0749,0.8527,0.5134
mlp_3x512-256-128_bs256_adam_lr0_01,1,adam,256,0.01,0.3044,2.1007,0.57,1.3211
mlp_3x512-256-128_bs256_adam_lr0_01,2,adam,256,0.01,0.4735,1.5496,0.6887,0.9792
mlp_3x512-256-128_bs256_adam_lr0_01,3,adam,256,0.01,0.532,1.3921,0.694,0.8935
mlp_3x512-256-128_bs256_adam_lr0_01,4,adam,256,0.01,0.5633,1.2793,0.7653,0.7717
mlp_3x512-256-128_bs256_adam_lr0_01,5,adam,256,0.01,0.577,1.226,0.7407,0.7448
mlp_3x512-256-128_bs256_adam_lr0_01,6,adam,256,0.01,0.5972,1.1836,0.7687,0.703
mlp_3x512-256-128_bs256_adam_lr0_01,7,adam,256,0.01,0.5977,1.1706,0.7833,0.6674
mlp_3x512-256-128_bs256_adam_lr0_01,8,adam,256,0.01,0.6086,1.1445,0.774,0.687
mlp_3x512-256-128_bs256_adam_lr0_01,9,adam,256,0.01,0.6082,1.155,0.788,0.664
mlp_3x512-256-128_bs256_adam_lr0_01,10,adam,256,0.01,0.6163,1.1316,0.7787,0.6589
mlp_3x512-256-128_bs256_adam_lr0_01,11,adam,256,0.01,0.6162,1.1205,0.8053,0.6472
mlp_3x512-256-128_bs256_adam_lr0_01,12,adam,256,0.01,0.6187,1.117,0.7773,0.6251
mlp_3x512-256-128_bs256_adam_lr0_01,13,adam,256,0.01,0.6194,1.1063,0.7867,0.6365
mlp_3x512-256-128_bs256_adam_lr0_01,14,adam,256,0.01,0.6235,1.0944,0.7847,0.6716
mlp_3x512-256-128_bs256_adam_lr0_01,15,adam,256,0.01,0.6312,1.0881,0.8047,0.6009
mlp_3x512-256-128_bs256_adam_lr0_01,16,adam,256,0.01,0.6184,1.1131,0.8033,0.6168
mlp_3x512-256-128_bs256_sgd_lr0_01,1,sgd,256,0.01,0.1384,2.6199,0.2487,2.4216
mlp_3x512-256-128_bs256_sgd_lr0_01,2,sgd,256,0.01,0.2611,2.2463,0.4293,1.8971
mlp_3x512-256-128_bs256_sgd_lr0_01,3,sgd,256,0.01,0.3412,2.02,0.4933,1.6358
mlp_3x512-256-128_bs256_sgd_lr0_01,4,sgd,256,0.01,0.3917,1.8434,0.5607,1.4125
mlp_3x512-256-128_bs256_sgd_lr0_01,5,sgd,256,0.01,0.4374,1.7048,0.6067,1.2427
mlp_3x512-256-128_bs256_sgd_lr0_01,6,sgd,256,0.01,0.4699,1.5896,0.6727,1.081
mlp_3x512-256-128_bs256_sgd_lr0_01,7,sgd,256,0.01,0.5,1.4951,0.69,0.9945
mlp_3x512-256-128_bs256_sgd_lr0_01,8,sgd,256,0.01,0.5238,1.4244,0.7087,0.9234
mlp_3x512-256-128_bs256_sgd_lr0_01,9,sgd,256,0.01,0.5429,1.3503,0.7227,0.8704
mlp_3x512-256-128_bs256_sgd_lr0_01,10,sgd,256,0.01,0.5572,1.2953,0.7527,0.7984
mlp_3x512-256-128_bs256_sgd_lr0_01,11,sgd,256,0.01,0.5726,1.2611,0.76,0.7612
mlp_3x512-256-128_bs256_sgd_lr0_01,12,sgd,256,0.01,0.5773,1.2415,0.768,0.7136
mlp_3x512-256-128_bs256_sgd_lr0_01,13,sgd,256,0.01,0.5975,1.1903,0.7893,0.6853
mlp_3x512-256-128_bs256_sgd_lr0_01,14,sgd,256,0.01,0.6068,1.1562,0.786,0.6638
mlp_3x512-256-128_bs256_sgd_lr0_01,15,sgd,256,0.01,0.6053,1.1326,0.808,0.6244
mlp_3x512-256-128_bs256_sgd_lr0_01,16,sgd,256,0.01,0.622,1.1004,0.8107,0.6072
mlp_3x512-256-128_bs256_sgd_lr0_01,17,sgd,256,0.01,0.6332,1.0812,0.812,0.5845
mlp_3x512-256-128_bs256_sgd_lr0_01,18,sgd,256,0.01,0.6392,1.0545,0.806,0.573
mlp_3x512-256-128_bs256_sgd_lr0_01,19,sgd,256,0.01,0.6459,1.038,0.832,0.5533
mlp_3x512-256-128_bs256_sgd_lr0_01,20,sgd,256,0.01,0.6524,1.008,0.832,0.534
mlp_3x512-256-128_bs256_sgd_lr0_01,21,sgd,256,0.01,0.6494,1.0088,0.8433,0.5138
mlp_3x512-256-128_bs256_sgd_lr0_01,22,sgd,256,0.01,0.6635,0.98,0.8347,0.5215
mlp_3x512-256-128_bs256_sgd_lr0_01,23,sgd,256,0.01,0.6695,0.9688,0.8453,0.4933
mlp_3x512-256-128_bs256_sgd_lr0_01,24,sgd,256,0.01,0.6703,0.9426,0.8467,0.4845
mlp_3x512-256-128_bs256_sgd_lr0_01,25,sgd,256,0.01,0.6738,0.95,0.8527,0.4758
mlp_3x512-256-128_bs256_sgd_lr0_01,26,sgd,256,0.01,0.6849,0.9208,0.8553,0.4718
mlp_3x512-256-128_bs256_sgd_lr0_01,27,sgd,256,0.01,0.6853,0.9295,0.8567,0.4553
mlp_3x512-256-128_bs256_sgd_lr0_01,28,sgd,256,0.01,0.6901,0.91,0.864,0.4472
mlp_3x512-256-128_bs256_sgd_lr0_01,29,sgd,256,0.01,0.6867,0.9045,0.864,0.4389
mlp_3x512-256-128_bs256_sgd_lr0_01,30,sgd,256,0.01,0.6938,0.8791,0.8727,0.4237
mlp_3x512-256-128_bs256_sgd_lr0_01,31,sgd,256,0.01,0.6913,0.8887,0.8753,0.4181
mlp_3x512-256-128_bs256_sgd_lr0_01,32,sgd,256,0.01,0.698,0.8699,0.8747,0.4095
mlp_3x512-256-128_bs256_sgd_lr0_01,33,sgd,256,0.01,0.7057,0.8546,0.87,0.4081
mlp_3x512-256-128_bs256_sgd_lr0_01,34,sgd,256,0.01,0.7155,0.822,0.874,0.4021
mlp_3x512-256-128_bs256_sgd_lr0_01,35,sgd,256,0.01,0.7094,0.838,0.8753,0.3873
mlp_3x512-256-128_bs256_sgd_lr0_01,36,sgd,256,0.01,0.7124,0.8318,0.87,0.3902
mlp_3x512-256-128_bs256_adam_lr0_001,1,adam,256,0.001,0.2218,2.4014,0.4167,2.0952
mlp_3x512-256-128_bs256_adam_lr0_001,2,adam,256,0.001,0.3706,1.9583,0.544,1.5083
mlp_3x512-256-128_bs256_adam_lr0_001,3,adam,256,0.001,0.4598,1.6769,0.6407,1.1906
mlp_3x512-256-128_bs256_adam_lr0_001,4,adam,256,0.001,0.5132,1.4837,0.6867,0.994
mlp_3x512-256-128_bs256_adam_lr0_001,5,adam,256,0.001,0.5552,1.3391,0.75,0.8557
mlp_3x512-256-128_bs256_adam_lr0_001,6,adam,256,0.001,0.583,1.2388,0.77,0.7525
mlp_3x512-256-128_bs256_adam_lr0_001,7,adam,256,0.001,0.6076,1.1781,0.7907,0.6716
mlp_3x512-256-128_bs256_adam_lr0_001,8,adam,256,0.001,0.6303,1.117,0.8167,0.6218
mlp_3x512-256-128_bs256_adam_lr0_001,9,adam,256,0.001,0.6335,1.0693,0.826,0.5792
mlp_3x512-256-128_bs256_adam_lr0_001,10,adam,256,0.001,0.6498,1.0228,0.8267,0.5649
mlp_3x512-256-128_bs256_adam_lr0_001,11,adam,256,0.001,0.6664,0.9815,0.8387,0.5196
mlp_3x512-256-128_bs256_adam_lr0_001,12,adam,256,0.001,0.6738,0.9606,0.8407,0.5076
mlp_3x512-256-128_bs256_adam_lr0_001,13,adam,256,0.001,0.6745,0.9418,0.8427,0.4982
mlp_3x512-256-128_bs256_adam_lr0_001,14,adam,256,0.001,0.6963,0.8896,0.8513,0.4607
mlp_3x512-256-128_bs256_adam_lr0_001,15,adam,256,0.001,0.6987,0.8839,0.8547,0.458
mlp_3x512-256-128_bs256_adam_lr0_001,16,adam,256,0.001,0.7041,0.8647,0.8627,0.4385
mlp_3x512-256-128_bs256_adam_lr0_001,17,adam,256,0.001,0.7104,0.8537,0.868,0.4341
mlp_3x512-256-128_bs256_adam_lr0_001,18,adam,256,0.001,0.716,0.8244,0.8707,0.418
mlp_3x512-256-128_bs256_adam_lr0_001,19,adam,256,0.001,0.7159,0.8214,0.8653,0.4078
mlp_3x512-256-128_bs256_adam_lr0_001,20,adam,256,0.001,0.7285,0.7957,0.8773,0.3928
mlp_3x512-256-128_bs256_adam_lr0_001,21,adam,256,0.001,0.7342,0.7737,0.8867,0.3782
mlp_3x512-256-128_bs256_adam_lr0_001,22,adam,256,0.001,0.7381,0.7515,0.8807,0.3738
mlp_3x512-256-128_bs256_adam_lr0_001,23,adam,256,0.001,0.7415,0.7527,0.8833,0.3646
mlp_3x512-256-128_bs256_adam_lr0_001,24,adam,256,0.001,0.7428,0.745,0.8867,0.3468
mlp_3x512-256-128_bs256_adam_lr0_001,25,adam,256,0.001,0.7546,0.7174,0.8967,0.3397
mlp_3x512-256-128_bs256_adam_lr0_001,26,adam,256,0.001,0.7548,0.7169,0.892,0.3338
mlp_3x512-256-128_bs256_adam_lr0_001,27,adam,256,0.001,0.7534,0.7104,0.8933,0.3365
mlp_3x512-256-128_bs256_adam_lr0_001,28,adam,256,0.001,0.7609,0.7031,0.9007,0.3185
mlp_3x512-256-128_bs256_adam_lr0_001,29,adam,256,0.001,0.7658,0.6893,0.902,0.3186
mlp_3x512-256-128_bs256_adam_lr0_001,30,adam,256,0.001,0.7648,0.679,0.9,0.3077
mlp_3x512-256-128_bs256_adam_lr0_001,31,adam,256,0.001,0.766,0.6824,0.9013,0.3032
mlp_3x512-256-128_bs256_adam_lr0_001,32,adam,256,0.001,0.7719,0.6622,0.9013,0.302
mlp_3x512-256-128_bs256_adam_lr0_001,33,adam,256,0.001,0.7752,0.6587,0.908,0.2914
mlp_3x512-256-128_bs256_adam_lr0_001,34,adam,256,0.001,0.7725,0.65,0.9133,0.2886
mlp_3x512-256-128_bs256_adam_lr0_001,35,adam,256,0.001,0.7795,0.6381,0.9127,0.2857
mlp_3x512-256-128_bs256_adam_lr0_001,36,adam,256,0.001,0.7806,0.6369,0.91,0.2779
mlp_3x512-256-128_bs256_adam_lr0_001,37,adam,256,0.001,0.7863,0.6239,0.918,0.2737
mlp_3x512-256-128_bs256_adam_lr0_001,38,adam,256,0.001,0.7826,0.631,0.9093,0.2749
mlp_3x512-256-128_bs256_adam_lr0_001,39,adam,256,0.001,0.7827,0.6266,0.9113,0.2748
mlp_3x512-256-128_bs256_adam_lr0_001,40,adam,256,0.001,0.7931,0.5977,0.926,0.2596
mlp_3x512-256-128_bs256_adam_lr0_001,41,adam,256,0.001,0.7949,0.6025,0.9187,0.2637
mlp_3x512-256-128_bs256_adam_lr0_001,42,adam,256,0.001,0.7972,0.603,0.9267,0.253
mlp_3x512-256-128_bs256_adam_lr0_001,43,adam,256,0.001,0.7969,0.5958,0.9247,0.25
mlp_3x512-256-128_bs256_adam_lr0_001,44,adam,256,0.001,0.8017,0.5944,0.9273,0.2497
mlp_3x512-256-128_bs256_adam_lr0_001,45,adam,256,0.001,0.7993,0.5937,0.9133,0.2575
mlp_3x512-256-128_bs256_adam_lr0_001,46,adam,256,0.001,0.8019,0.5881,0.92,0.2483
mlp_3x512-256-128_bs256_adam_lr0_001,47,adam,256,0.001,0.8037,0.581,0.9213,0.2521
mlp_3x512-256-128_bs256_adam_lr0_001,48,adam,256,0.001,0.804,0.5715,0.92,0.2414
mlp_3x512-256-128_bs256_adam_lr0_001,49,adam,256,0.001,0.8053,0.5759,0.924,0.2389
mlp_3x512-256-128_bs256_sgd_lr0_001,1,sgd,256,0.001,0.0752,2.7941,0.0973,2.694
mlp_3x512-256-128_bs256_sgd_lr0_001,2,sgd,256,0.001,0.1071,2.7003,0.2427,2.5375
mlp_3x512-256-128_bs256_sgd_lr0_001,3,sgd,256,0.001,0.1363,2.6153,0.284,2.4462
mlp_3x512-256-128_bs256_sgd_lr0_001,4,sgd,256,0.001,0.1634,2.5414,0.2947,2.3716
mlp_3x512-256-128_bs256_sgd_lr0_001,5,sgd,256,0.001,0.1855,2.4832,0.3027,2.3109
mlp_3x512-256-128_bs256_sgd_lr0_001,6,sgd,256,0.001,0.2066,2.4287,0.3173,2.2572
mlp_3x512-256-128_bs256_sgd_lr0_001,7,sgd,256,0.001,0.216,2.3788,0.328,2.2095
mlp_3x512-256-128_bs256_sgd_lr0_001,8,sgd,256,0.001,0.2387,2.3438,0.3473,2.1605
mlp_3x512-256-128_bs256_sgd_lr0_001,9,sgd,256,0.001,0.2452,2.3116,0.362,2.1156
mlp_3x512-256-128_bs256_sgd_lr0_001,10,sgd,256,0.001,0.2598,2.2646,0.3813,2.0691
mlp_3x512-256-128_bs256_sgd_lr0_001,11,sgd,256,0.001,0.2757,2.2342,0.3947,2.0281
mlp_3x512-256-128_bs256_sgd_lr0_001,12,sgd,256,0.001,0.2865,2.198,0.4013,1.9811
mlp_3x512-256-128_bs256_sgd_lr0_001,13,sgd,256,0.001,0.2908,2.1733,0.4167,1.9393
mlp_3x512-256-128_bs256_sgd_lr0_001,14,sgd,256,0.001,0.2994,2.1449,0.4333,1.9078
mlp_3x512-256-128_bs256_sgd_lr0_001,15,sgd,256,0.001,0.3132,2.1118,0.4367,1.8657
mlp_3x512-256-128_bs256_sgd_lr0_001,16,sgd,256,0.001,0.3252,2.075,0.456,1.8204
mlp_3x512-256-128_bs256_sgd_lr0_001,17,sgd,256,0.001,0.3378,2.0384,0.46,1.7884
mlp_3x512-256-128_bs256_sgd_lr0_001,18,sgd,256,0.001,0.3458,2.0098,0.4753,1.7448
mlp_3x512-256-128_bs256_sgd_lr0_001,19,sgd,256,0.001,0.3525,1.9972,0.4873,1.7092
mlp_3x512-256-128_bs256_sgd_lr0_001,20,sgd,256,0.001,0.3604,1.9745,0.4967,1.6725
mlp_3x512-256-128_bs256_sgd_lr0_001,21,sgd,256,0.001,0.3688,1.935,0.5013,1.6452
mlp_3x512-256-128_bs256_sgd_lr0_001,22,sgd,256,0.001,0.3785,1.91,0.5133,1.6071
mlp_3x512-256-128_bs256_sgd_lr0_001,23,sgd,256,0.001,0.3839,1.8957,0.528,1.5729
mlp_3x512-256-128_bs256_sgd_lr0_001,24,sgd,256,0.001,0.3959,1.8612,0.5333,1.5468
mlp_3x512-256-128_bs256_sgd_lr0_001,25,sgd,256,0.001,0.3947,1.8503,0.5447,1.5142
mlp_3x512-256-128_bs256_sgd_lr0_001,26,sgd,256,0.001,0.4111,1.8031,0.5493,1.4853
mlp_3x512-256-128_bs256_sgd_lr0_001,27,sgd,256,0.001,0.4123,1.8025,0.556,1.4507
mlp_3x512-256-128_bs256_sgd_lr0_001,28,sgd,256,0.001,0.422,1.7729,0.572,1.426
mlp_3x512-256-128_bs256_sgd_lr0_001,29,sgd,256,0.001,0.4249,1.7574,0.576,1.3943
mlp_3x512-256-128_bs256_sgd_lr0_001,30,sgd,256,0.001,0.4346,1.7296,0.588,1.3683
mlp_3x512-256-128_bs256_sgd_lr0_001,31,sgd,256,0.001,0.4381,1.713,0.6027,1.3305
mlp_3x512-256-128_bs256_sgd_lr0_001,32,sgd,256,0.001,0.4409,1.6948,0.6147,1.3036
mlp_3x512-256-128_bs256_sgd_lr0_001,33,sgd,256,0.001,0.4487,1.6631,0.6233,1.2874
mlp_3x512-256-128_bs256_sgd_lr0_001,34,sgd,256,0.001,0.4552,1.6537,0.628,1.2562
mlp_3x512-256-128_bs256_sgd_lr0_001,35,sgd,256,0.001,0.4622,1.638,0.63,1.2417
mlp_3x512-256-128_bs256_sgd_lr0_001,36,sgd,256,0.001,0.4679,1.6201,0.6393,1.2153
mlp_3x512-256-128_bs256_sgd_lr0_001,37,sgd,256,0.001,0.4778,1.5925,0.6553,1.1887
mlp_3x512-256-128_bs256_sgd_lr0_001,38,sgd,256,0.001,0.4765,1.582,0.6627,1.1753
mlp_3x512-256-128_bs256_sgd_lr0_001,39,sgd,256,0.001,0.4816,1.5715,0.6667,1.1535
mlp_3x512-256-128_bs256_sgd_lr0_001,40,sgd,256,0.001,0.4855,1.5466,0.6653,1.1281
mlp_3x512-256-128_bs256_sgd_lr0_001,41,sgd,256,0.001,0.4869,1.5445,0.67,1.1103
mlp_3x512-256-128_bs256_sgd_lr0_001,42,sgd,256,0.001,0.5008,1.5089,0.6793,1.0927
mlp_3x512-256-128_bs256_sgd_lr0_001,43,sgd,256,0.001,0.5062,1.4989,0.684,1.0733
mlp_3x512-256-128_bs256_sgd_lr0_001,44,sgd,256,0.001,0.5075,1.4926,0.6907,1.0535
mlp_3x512-256-128_bs256_sgd_lr0_001,45,sgd,256,0.001,0.5143,1.4728,0.7007,1.0401
mlp_3x512-256-128_bs256_sgd_lr0_001,46,sgd,256,0.001,0.5177,1.4584,0.7067,1.0188
mlp_3x512-256-128_bs256_sgd_lr0_001,47,sgd,256,0.001,0.52,1.44,0.7073,1.0059
mlp_3x512-256-128_bs256_sgd_lr0_001,48,sgd,256,0.001,0.5281,1.4385,0.7127,0.9913
mlp_3x512-256-128_bs256_sgd_lr0_001,49,sgd,256,0.001,0.5244,1.4165,0.7127,0.9727
mlp_3x512-256-128_bs256_sgd_lr0_001,50,sgd,256,0.001,0.5322,1.4005,0.7233,0.9636
mlp_3x512-256-128_bs256_adam_lr0_0005,1,adam,256,0.0005,0.1575,2.5757,0.286,2.4076
mlp_3x512-256-128_bs256_adam_lr0_0005,2,adam,256,0.0005,0.2827,2.2411,0.4427,1.8876
mlp_3x512-256-128_bs256_adam_lr0_0005,3,adam,256,0.0005,0.3657,2.0103,0.528,1.6191
mlp_3x512-256-128_bs256_adam_lr0_0005,4,adam,256,0.0005,0.4317,1.7871,0.6067,1.352
mlp_3x512-256-128_bs256_adam_lr0_0005,5,adam,256,0.0005,0.4858,1.6157,0.6613,1.1678
mlp_3x512-256-128_bs256_adam_lr0_0005,6,adam,256,0.0005,0.5197,1.4772,0.7033,1.0078
mlp_3x512-256-128_bs256_adam_lr0_0005,7,adam,256,0.0005,0.5463,1.3789,0.744,0.8991
mlp_3x512-256-128_bs256_adam_lr0_0005,8,adam,256,0.0005,0.5706,1.298,0.7693,0.8043
mlp_3x512-256-128_bs256_adam_lr0_0005,9,adam,256,0.0005,0.5931,1.221,0.7867,0.7454
mlp_3x512-256-128_bs256_adam_lr0_0005,10,adam,256,0.0005,0.6128,1.1763,0.786,0.701
mlp_3x512-256-128_bs256_adam_lr0_0005,11,adam,256,0.0005,0.6162,1.1253,0.802,0.6602
mlp_3x512-256-128_bs256_adam_lr0_0005,12,adam,256,0.0005,0.6387,1.0798,0.8147,0.6162
mlp_3x512-256-128_bs256_adam_lr0_0005,13,adam,256,0.0005,0.6415,1.055,0.83,0.5826
mlp_3x512-256-128_bs256_adam_lr0_0005,14,adam,256,0.0005,0.6523,1.03,0.834,0.5551
mlp_3x512-256-128_bs256_adam_lr0_0005,15,adam,256,0.0005,0.6638,0.997,0.8373,0.5265
mlp_3x512-256-128_bs256_adam_lr0_0005,16,adam,256,0.0005,0.6744,0.9584,0.8433,0.5074
mlp_3x512-256-128_bs256_adam_lr0_0005,17,adam,256,0.0005,0.6757,0.95,0.8547,0.4904
mlp_3x512-256-128_bs256_adam_lr0_0005,18,adam,256,0.0005,0.6818,0.9207,0.8587,0.4678
mlp_3x512-256-128_bs256_adam_lr0_0005,19,adam,256,0.0005,0.6893,0.9133,0.862,0.4599
mlp_3x512-256-128_bs256_adam_lr0_0005,20,adam,256,0.0005,0.7052,0.8771,0.8587,0.4578
mlp_3x512-256-128_bs256_adam_lr0_0005,21,adam,256,0.0005,0.7003,0.8765,0.8667,0.4377
mlp_3x512-256-128_bs256_adam_lr0_0005,22,adam,256,0.0005,0.7052,0.8532,0.8707,0.4287
mlp_3x512-256-128_bs256_adam_lr0_0005,23,adam,256,0.0005,0.7109,0.8401,0.8853,0.4095
mlp_3x512-256-128_bs256_adam_lr0_0005,24,adam,256,0.0005,0.7174,0.8219,0.884,0.4036
mlp_3x512-256-128_bs256_adam_lr0_0005,25,adam,256,0.0005,0.7242,0.8106,0.8867,0.3863
mlp_3x512-256-128_bs256_adam_lr0_0005,26,adam,256,0.0005,0.7296,0.7848,0.878,0.3868
mlp_3x512-256-128_bs256_adam_lr0_0005,27,adam,256,0.0005,0.7322,0.7761,0.8753,0.3815
mlp_3x512-256-128_bs256_adam_lr0_0005,28,adam,256,0.0005,0.7366,0.7645,0.8887,0.3567
mlp_3x512-256-128_bs256_adam_lr0_0005,29,adam,256,0.0005,0.741,0.7606,0.8913,0.362
mlp_3x512-256-128_bs256_adam_lr0_0005,30,adam,256,0.0005,0.7429,0.7603,0.8953,0.344
mlp_3x512-256-128_bs256_adam_lr0_0005,31,adam,256,0.0005,0.7495,0.7385,0.896,0.3404
mlp_3x512-256-128_bs256_adam_lr0_0005,32,adam,256,0.0005,0.753,0.7342,0.9093,0.3313
mlp_3x512-256-128_bs256_adam_lr0_0005,33,adam,256,0.0005,0.7518,0.7462,0.902,0.3218
mlp_3x512-256-128_bs256_adam_lr0_0005,34,adam,256,0.0005,0.7547,0.7086,0.8967,0.3232
mlp_3x512-256-128_bs256_adam_lr0_0005,35,adam,256,0.0005,0.761,0.7068,0.9,0.3178
mlp_3x512-256-128_bs256_adam_lr0_0005,36,adam,256,0.0005,0.7658,0.6895,0.916,0.3029
mlp_3x512-256-128_bs256_adam_lr0_0005,37,adam,256,0.0005,0.7705,0.6715,0.9067,0.3132
mlp_3x512-256-128_bs256_adam_lr0_0005,38,adam,256,0.0005,0.7618,0.6985,0.91,0.301
mlp_3x512-256-128_bs256_adam_lr0_0005,39,adam,256,0.0005,0.7556,0.6938,0.918,0.296
mlp_3x512-256-128_bs256_adam_lr0_0005,40,adam,256,0.0005,0.7689,0.6707,0.9153,0.2915
mlp_3x512-256-128_bs256_adam_lr0_0005,41,adam,256,0.0005,0.7722,0.6702,0.912,0.286
mlp_3x512-256-128_bs256_adam_lr0_0005,42,adam,256,0.0005,0.776,0.6555,0.9167,0.2788
mlp_3x512-256-128_bs256_adam_lr0_0005,43,adam,256,0.0005,0.7768,0.6549,0.916,0.2778
mlp_3x512-256-128_bs256_adam_lr0_0005,44,adam,256,0.0005,0.778,0.6535,0.9193,0.279
mlp_3x512-256-128_bs256_adam_lr0_0005,45,adam,256,0.0005,0.7853,0.6296,0.9193,0.2693
mlp_3x512-256-128_bs256_adam_lr0_0005,46,adam,256,0.0005,0.7832,0.634,0.922,0.27
mlp_3x512-256-128_bs256_adam_lr0_0005,47,adam,256,0.0005,0.7802,0.6342,0.922,0.2694
mlp_3x512-256-128_bs256_adam_lr0_0005,48,adam,256,0.0005,0.7911,0.6176,0.9227,0.2609
mlp_3x512-256-128_bs256_adam_lr0_0005,49,adam,256,0.0005,0.7851,0.6253,0.9193,0.2654
mlp_3x512-256-128_bs256_adam_lr0_0005,50,adam,256,0.0005,0.7919,0.6071,0.9227,0.2623
mlp_3x512-256-128_bs256_sgd_lr0_0005,1,sgd,256,0.0005,0.07,2.8199,0.0693,2.7017
mlp_3x512-256-128_bs256_sgd_lr0_0005,2,sgd,256,0.0005,0.0905,2.76,0.172,2.6085
mlp_3x512-256-128_bs256_sgd_lr0_0005,3,sgd,256,0.0005,0.1051,2.7047,0.2153,2.5499
mlp_3x512-256-128_bs256_sgd_lr0_0005,4,sgd,256,0.0005,0.1255,2.653,0.244,2.5016
mlp_3x512-256-128_bs256_sgd_lr0_0005,5,sgd,256,0.0005,0.138,2.6215,0.266,2.4589
mlp_3x512-256-128_bs256_sgd_lr0_0005,6,sgd,256,0.0005,0.1597,2.5722,0.282,2.4189
mlp_3x512-256-128_bs256_sgd_lr0_0005,7,sgd,256,0.0005,0.1619,2.5486,0.2887,2.3846
mlp_3x512-256-128_bs256_sgd_lr0_0005,8,sgd,256,0.0005,0.1727,2.5129,0.2953,2.3501
mlp_3x512-256-128_bs256_sgd_lr0_0005,9,sgd,256,0.0005,0.1874,2.4868,0.2993,2.3227
mlp_3x512-256-128_bs256_sgd_lr0_0005,10,sgd,256,0.0005,0.1962,2.4663,0.3073,2.2998
mlp_3x512-256-128_bs256_sgd_lr0_0005,11,sgd,256,0.0005,0.2039,2.4323,0.316,2.2704
mlp_3x512-256-128_bs256_sgd_lr0_0005,12,sgd,256,0.0005,0.2052,2.4178,0.3293,2.2424
mlp_3x512-256-128_bs256_sgd_lr0_0005,13,sgd,256,0.0005,0.2187,2.3932,0.34,2.2177
mlp_3x512-256-128_bs256_sgd_lr0_0005,14,sgd,256,0.0005,0.2277,2.3604,0.3473,2.1982
mlp_3x512-256-128_bs256_sgd_lr0_0005,15,sgd,256,0.0005,0.2334,2.3568,0.36,2.1724
mlp_3x512-256-128_bs256_sgd_lr0_0005,16,sgd,256,0.0005,0.2444,2.3217,0.3713,2.1493
mlp_3x512-256-128_bs256_sgd_lr0_0005,17,sgd,256,0.0005,0.2466,2.3127,0.38,2.1227
mlp_3x512-256-128_bs256_sgd_lr0_0005,18,sgd,256,0.0005,0.2563,2.2928,0.39,2.0994
mlp_3x512-256-128_bs256_sgd_lr0_0005,19,sgd,256,0.0005,0.2576,2.2749,0.3927,2.0734
mlp_3x512-256-128_bs256_sgd_lr0_0005,20,sgd,256,0.0005,0.2698,2.2568,0.4013,2.0528
mlp_3x512-256-128_bs256_sgd_lr0_0005,21,sgd,256,0.0005,0.2757,2.2416,0.4027,2.0322
mlp_3x512-256-128_bs256_sgd_lr0_0005,22,sgd,256,0.0005,0.2819,2.2152,0.4113,2.0104
mlp_3x512-256-128_bs256_sgd_lr0_0005,23,sgd,256,0.0005,0.281,2.2065,0.4187,1.9944
mlp_3x512-256-128_bs256_sgd_lr0_0005,24,sgd,256,0.0005,0.2922,2.1923,0.4267,1.9666
mlp_3x512-256-128_bs256_sgd_lr0_0005,25,sgd,256,0.0005,0.2986,2.1762,0.4333,1.9471
mlp_3x512-256-128_bs256_sgd_lr0_0005,26,sgd,256,0.0005,0.2941,2.169,0.4393,1.9261
mlp_3x512-256-128_bs256_sgd_lr0_0005,27,sgd,256,0.0005,0.3099,2.1347,0.446,1.9048
mlp_3x512-256-128_bs256_sgd_lr0_0005,28,sgd,256,0.0005,0.3085,2.1303,0.454,1.8826
mlp_3x512-256-128_bs256_sgd_lr0_0005,29,sgd,256,0.0005,0.3203,2.1032,0.456,1.8685
mlp_3x512-256-128_bs256_sgd_lr0_0005,30,sgd,256,0.0005,0.312,2.1007,0.46,1.8447
mlp_3x512-256-128_bs256_sgd_lr0_0005,31,sgd,256,0.0005,0.3261,2.0773,0.47,1.8212
mlp_3x512-256-128_bs256_sgd_lr0_0005,32,sgd,256,0.0005,0.337,2.0667,0.4727,1.8045
mlp_3x512-256-128_bs256_sgd_lr0_0005,33,sgd,256,0.0005,0.3316,2.0569,0.4727,1.7797
mlp_3x512-256-128_bs256_sgd_lr0_0005,34,sgd,256,0.0005,0.3515,2.034,0.4787,1.7686
mlp_3x512-256-128_bs256_sgd_lr0_0005,35,sgd,256,0.0005,0.3502,2.0198,0.4833,1.7392
mlp_3x512-256-128_bs256_sgd_lr0_0005,36,sgd,256,0.0005,0.3473,2.0151,0.484,1.7231
mlp_3x512-256-128_bs256_sgd_lr0_0005,37,sgd,256,0.0005,0.3559,1.9916,0.4933,1.7007
mlp_3x512-256-128_bs256_sgd_lr0_0005,38,sgd,256,0.0005,0.3611,1.9769,0.4907,1.691
mlp_3x512-256-128_bs256_sgd_lr0_0005,39,sgd,256,0.0005,0.3563,1.9676,0.4933,1.6701
mlp_3x512-256-128_bs256_sgd_lr0_0005,40,sgd,256,0.0005,0.3675,1.9521,0.5027,1.6529
mlp_3x512-256-128_bs256_sgd_lr0_0005,41,sgd,256,0.0005,0.373,1.9399,0.506,1.639
mlp_3x512-256-128_bs256_sgd_lr0_0005,42,sgd,256,0.0005,0.3763,1.9278,0.5093,1.6149
mlp_3x512-256-128_bs256_sgd_lr0_0005,43,sgd,256,0.0005,0.3772,1.917,0.5187,1.6036
mlp_3x512-256-128_bs256_sgd_lr0_0005,44,sgd,256,0.0005,0.3811,1.9054,0.5193,1.5801
mlp_3x512-256-128_bs256_sgd_lr0_0005,45,sgd,256,0.0005,0.386,1.8968,0.528,1.5641
mlp_3x512-256-128_bs256_sgd_lr0_0005,46,sgd,256,0.0005,0.388,1.8866,0.5353,1.5456
mlp_3x512-256-128_bs256_sgd_lr0_0005,47,sgd,256,0.0005,0.3963,1.8648,0.5353,1.5349
mlp_3x512-256-128_bs256_sgd_lr0_0005,48,sgd,256,0.0005,0.3923,1.8527,0.5427,1.5184
mlp_3x512-256-128_bs256_sgd_lr0_0005,49,sgd,256,0.0005,0.4094,1.8351,0.548,1.5082
mlp_3x512-256-128_bs256_sgd_lr0_0005,50,sgd,256,0.0005,0.398,1.835,0.5507,1.4857
